[{"model": "foodcartapp.restaurant", "pk": 1, "fields": {"name": "Star Burger Арбат", "address": "Москва, ул. Новый Арбат, 15", "contact_phone": "+7 (967) 157-44-13"}}, {"model": "foodcartapp.restaurant", "pk": 2, "fields": {"name": "Star Burger Цветной", "address": "Москва, Цветной бульвар, 11с2", "contact_phone": "+7 (929) 949-55-36"}}, {"model": "foodcartapp.restaurant", "pk": 3, "fields": {"name": "Star Burger Европейский", "address": "Москва, пл. Киевского Вокзала, 2", "contact_phone": "+7 (929) 680-47-58"}}, {"model": "foodcartapp.productcategory", "pk": 1, "fields": {"name": "Бургер"}}, {"model": "foodcartapp.productcategory", "pk": 2, "fields": {"name": "Ролл"}}, {"model": "foodcartapp.product", "pk": 1, "fields": {"name": "Стейкхаус", "category": 1, "price": "269.00", "image": "steak_GuxC9Bj_wBNuuPK.jpg", "special_status": false, "description": "Стейкхаус – это сочетание нашей фирменной, приготовленной на огне 100% говядины с ломтиками бекона и соусом «Барбекю», майонезом, листьями свежего салата, помидором и хрустящим луком на воздушной було"}}, {"model": "foodcartapp.product", "pk": 2, "fields": {"name": "Лонг Чизбургер", "category": 1, "price": "219.00", "image": "long_chiz_xxOl89J.jpg", "special_status": false, "description": "Лонг Чизбургер – эталон в коллекции чизбургеров! Два приготовленных на огне бифштекса с двумя ломтиками слегка расплавленного сыра, хрустящими огурчиками, рубленым луком, горчицей и кетчупом на длинно"}}, {"model": "foodcartapp.product", "pk": 3, "fields": {"name": "Тройной Воппер", "category": 1, "price": "369.00", "image": "triple_vopper_KIwTkq8.jpg", "special_status": false, "description": "ВОППЕР® — это вкуснейшая приготовленная на огне 100% говядина с сочными помидорами, свежим нарезанным листовым салатом, густым майонезом, хрустящими маринованными огурчиками и свежим луком на нежной б"}}, {"model": "foodcartapp.product", "pk": 4, "fields": {"name": "Беконайзер", "category": 1, "price": "319.00", "image": "beconizer_fFEtZT6_NBQZFIW.jpg", "special_status": false, "description": "Встречай самый внушительный бургер в коллекции Бургер Кинг. Много мяса, много бекона и много сыра - все, как ты любишь, и ничего лишнего!\""}}, {"model": "foodcartapp.product", "pk": 5, "fields": {"name": "Фиш Ролл", "category": 2, "price": "199.00", "image": "fish_roll_V6D1Cgm_Xi7OGU0.jpg", "special_status": false, "description": "Наш новый ролл с аппетитной котлеткой из филе белой рыбы, с фирменным соусом, маринованными огурчиками и хрустящим салатом. Легкое рыбное удовольствие!\""}}, {"model": "foodcartapp.product", "pk": 6, "fields": {"name": "Шримп Ролл", "category": 2, "price": "209.00", "image": "shrimp_roll_W7zrmGM_BgD9UzN_IJwzLxA.jpg", "special_status": false, "description": "Легкий ролл с нежными королевскими креветками в хрустящей панировке, свежий салат Айсберг и ломтик сыра в пшеничной лепешке под фирменным соусом «Кинг». Внимание! Блюдо содержит аллергены – морепродук"}}, {"model": "foodcartapp.restaurantmenuitem", "pk": 1, "fields": {"restaurant": 1, "product": 1, "availability": true}}, {"model": "foodcartapp.restaurantmenuitem", "pk": 2, "fields": {"restaurant": 2, "product": 1, "availability": true}}, {"model": "foodcartapp.restaurantmenuitem", "pk": 3, "fields": {"restaurant": 3, "product": 1, "availability": true}}, {"model": "foodcartapp.restaurantmenuitem", "pk": 4, "fields": {"restaurant": 1, "product": 2, "availability": true}}, {"model": "foodcartapp.restaurantmenuitem", "pk": 5, "fields": {"restaurant": 2, "product": 2, "availability": true}}, {"model": "foodcartapp.restaurantmenuitem", "pk": 6, "fields": {"restaurant": 3, "product": 2, "availability": false}}, {"model": "foodcartapp.restaurantmenuitem", "pk": 7, "fields": {"restaurant": 1, "product": 3, "availability": false}}, {"model": "foodcartapp.restaurantmenuitem", "pk": 8, "fields": {"restaurant": 2, "product": 3, "availability": true}}, {"model": "foodcartapp.restaurantmenuitem", "pk": 9, "fields": {"restaurant": 3, "product": 3, "availability": true}}, {"model": "foodcartapp.restaurantmenuitem", "pk": 10, "fields": {"restaurant": 1, "product": 4, "availability": true}}, {"model": "foodcartapp.restaurantmenuitem", "pk": 11, "fields": {"restaurant": 2, "product": 4, "availability": false}}, {"model": "foodcartapp.restaurantmenuitem", "pk": 12, "fields": {"restaurant": 3, "product": 4, "availability": false}}, {"model": "foodcartapp.restaurantmenuitem", "pk": 13, "fields": {"restaurant": 1, "product": 5, "availability": false}}, {"model": "foodcartapp.restaurantmenuitem", "pk": 14, "fields": {"restaurant": 2, "product": 5, "availability": true}}, {"model": "foodcartapp.restaurantmenuitem", "pk": 15, "fields": {"restaurant": 3, "product": 5, "availability": false}}, {"model": "foodcartapp.restaurantmenuitem", "pk": 16, "fields": {"restaurant": 1, "product": 6, "availability": true}}, {"model": "foodcartapp.restaurantmenuitem", "pk": 17, "fields": {"restaurant": 2, "product": 6, "availability": true}}, {"model": "foodcartapp.restaurantmenuitem", "pk": 18, "fields": {"restaurant": 3, "product": 6, "availability": false}}, {"model": "foodcartapp.order", "pk": 7, "fields": {"registered_at": "2023-04-15T14:49:34.388Z", "called_at": null, "delivered_at": null, "restaurant": null, "payment": "CASH", "status": "PR", "firstname": "Alex", "lastname": "Mak", "phonenumber": "+79037892345", "address": "Тула", "comment": " "}}, {"model": "foodcartapp.order", "pk": 9, "fields": {"registered_at": "2023-04-15T14:49:34Z", "called_at": null, "delivered_at": null, "restaurant": 1, "payment": "CASH", "status": "RE", "firstname": "Энгельс", "lastname": "Энгельс", "phonenumber": "+79037892345", "address": "Энгельс", "comment": ""}}, {"model": "foodcartapp.order", "pk": 10, "fields": {"registered_at": "2023-04-15T14:49:34Z", "called_at": null, "delivered_at": null, "restaurant": null, "payment": "CASH", "status": "unprocessed", "firstname": "Макс", "lastname": "Пейн", "phonenumber": "+79037892345", "address": "Москва", "comment": ""}}, {"model": "foodcartapp.order", "pk": 11, "fields": {"registered_at": "2023-04-15T14:49:34Z", "called_at": null, "delivered_at": null, "restaurant": 1, "payment": "CASH", "status": "unprocessed", "firstname": "Сара", "lastname": "Конер", "phonenumber": "+79037892345", "address": "Вологда", "comment": ""}}, {"model": "foodcartapp.order", "pk": 12, "fields": {"registered_at": "2023-04-15T14:49:34.388Z", "called_at": null, "delivered_at": null, "restaurant": null, "payment": "CASH", "status": "unprocessed", "firstname": "Дюк", "lastname": "Нюкем", "phonenumber": "+79037892345", "address": "Саратов", "comment": " "}}, {"model": "foodcartapp.order", "pk": 89, "fields": {"registered_at": "2023-05-12T10:07:19.719Z", "called_at": null, "delivered_at": null, "restaurant": null, "payment": "", "status": "unprocessed", "firstname": "Василий", "lastname": "Васильевич", "phonenumber": "+79123456789", "address": "Лондон", "comment": ""}}, {"model": "foodcartapp.orderdetails", "pk": 17, "fields": {"order": 7, "product": 2, "quantity": 1, "product_price": "219.00"}}, {"model": "foodcartapp.orderdetails", "pk": 18, "fields": {"order": 7, "product": 3, "quantity": 1, "product_price": "369.00"}}, {"model": "foodcartapp.orderdetails", "pk": 19, "fields": {"order": 7, "product": 6, "quantity": 1, "product_price": "209.00"}}, {"model": "foodcartapp.orderdetails", "pk": 23, "fields": {"order": 9, "product": 6, "quantity": 1, "product_price": "209.00"}}, {"model": "foodcartapp.orderdetails", "pk": 24, "fields": {"order": 9, "product": 5, "quantity": 1, "product_price": "199.00"}}, {"model": "foodcartapp.orderdetails", "pk": 25, "fields": {"order": 10, "product": 2, "quantity": 1, "product_price": "219.00"}}, {"model": "foodcartapp.orderdetails", "pk": 26, "fields": {"order": 10, "product": 3, "quantity": 1, "product_price": "369.00"}}, {"model": "foodcartapp.orderdetails", "pk": 27, "fields": {"order": 10, "product": 1, "quantity": 1, "product_price": "269.00"}}, {"model": "foodcartapp.orderdetails", "pk": 28, "fields": {"order": 10, "product": 5, "quantity": 1, "product_price": "199.00"}}, {"model": "foodcartapp.orderdetails", "pk": 29, "fields": {"order": 10, "product": 6, "quantity": 1, "product_price": "209.00"}}, {"model": "foodcartapp.orderdetails", "pk": 30, "fields": {"order": 11, "product": 5, "quantity": 1, "product_price": "199.00"}}, {"model": "foodcartapp.orderdetails", "pk": 31, "fields": {"order": 11, "product": 4, "quantity": 1, "product_price": "319.00"}}, {"model": "foodcartapp.orderdetails", "pk": 32, "fields": {"order": 11, "product": 1, "quantity": 1, "product_price": "269.00"}}, {"model": "foodcartapp.orderdetails", "pk": 33, "fields": {"order": 11, "product": 2, "quantity": 1, "product_price": "219.00"}}, {"model": "foodcartapp.orderdetails", "pk": 34, "fields": {"order": 12, "product": 3, "quantity": 1, "product_price": "369.00"}}, {"model": "foodcartapp.orderdetails", "pk": 35, "fields": {"order": 12, "product": 2, "quantity": 2, "product_price": "219.00"}}, {"model": "foodcartapp.orderdetails", "pk": 36, "fields": {"order": 12, "product": 1, "quantity": 1, "product_price": "269.00"}}, {"model": "foodcartapp.orderdetails", "pk": 37, "fields": {"order": 12, "product": 4, "quantity": 4, "product_price": "319.00"}}, {"model": "foodcartapp.orderdetails", "pk": 119, "fields": {"order": 89, "product": 1, "quantity": 1, "product_price": "269.00"}}, {"model": "location.location", "pk": 1, "fields": {"address": "Москва", "lat": 55.755864, "lon": 37.617698, "updated_at": "2023-04-16T21:48:39.054Z"}}, {"model": "location.location", "pk": 2, "fields": {"address": "Вологда", "lat": 59.220501, "lon": 39.891523, "updated_at": "2023-04-16T21:48:39.292Z"}}, {"model": "location.location", "pk": 3, "fields": {"address": "Саратов", "lat": 51.533562, "lon": 46.034266, "updated_at": "2023-04-16T21:48:39.538Z"}}, {"model": "location.location", "pk": 4, "fields": {"address": "Санфран", "lat": 37.759351, "lon": -122.446913, "updated_at": "2023-04-16T21:48:39.786Z"}}, {"model": "location.location", "pk": 5, "fields": {"address": "Тула", "lat": 54.193122, "lon": 37.617348, "updated_at": "2023-04-16T21:48:39.994Z"}}, {"model": "location.location", "pk": 7, "fields": {"address": "Тверь", "lat": 56.859625, "lon": 35.91186, "updated_at": "2023-04-16T21:48:40.663Z"}}, {"model": "location.location", "pk": 8, "fields": {"address": "Москва, ул. Новый Арбат, 15", "lat": 55.752141, "lon": 37.59242, "updated_at": "2023-04-16T21:48:40.968Z"}}, {"model": "location.location", "pk": 9, "fields": {"address": "Москва, Цветной бульвар, 11с2", "lat": 55.770076, "lon": 37.620429, "updated_at": "2023-04-16T21:48:41.201Z"}}, {"model": "location.location", "pk": 10, "fields": {"address": "Москва, пл. Киевского Вокзала, 2", "lat": 55.744637, "lon": 37.566072, "updated_at": "2023-04-16T21:48:41.454Z"}}, {"model": "location.location", "pk": 11, "fields": {"address": "Бразилиа", "lat": -47.889071, "lon": -47.889071, "updated_at": "2023-04-17T16:50:27.551Z"}}, {"model": "location.location", "pk": 12, "fields": {"address": "Лондон", "lat": -0.127696, "lon": -0.127696, "updated_at": "2023-04-27T14:12:10.679Z"}}, {"model": "location.location", "pk": 13, "fields": {"address": "Хуй", "lat": 5.233127, "lon": 5.233127, "updated_at": "2023-04-27T14:12:10.938Z"}}, {"model": "location.location", "pk": 14, "fields": {"address": "Тараатар", "lat": null, "lon": null, "updated_at": "2023-04-27T23:23:54.264Z"}}, {"model": "admin.logentry", "pk": 1, "fields": {"action_time": "2023-03-25T03:07:07.898Z", "user": 1, "content_type": 2, "object_id": "1", "object_repr": "Стейкхаус", "action_flag": 1, "change_message": "[{\"added\": {}}, {\"added\": {\"name\": \"\\u043f\\u0443\\u043d\\u043a\\u0442 \\u043c\\u0435\\u043d\\u044e \\u0440\\u0435\\u0441\\u0442\\u043e\\u0440\\u0430\\u043d\\u0430\", \"object\": \"Star Burger \\u0410\\u0440\\u0431\\u0430\\u0442 - \\u0421\\u0442\\u0435\\u0439\\u043a\\u0445\\u0430\\u0443\\u0441\"}}, {\"added\": {\"name\": \"\\u043f\\u0443\\u043d\\u043a\\u0442 \\u043c\\u0435\\u043d\\u044e \\u0440\\u0435\\u0441\\u0442\\u043e\\u0440\\u0430\\u043d\\u0430\", \"object\": \"Star Burger \\u0426\\u0432\\u0435\\u0442\\u043d\\u043e\\u0439 - \\u0421\\u0442\\u0435\\u0439\\u043a\\u0445\\u0430\\u0443\\u0441\"}}, {\"added\": {\"name\": \"\\u043f\\u0443\\u043d\\u043a\\u0442 \\u043c\\u0435\\u043d\\u044e \\u0440\\u0435\\u0441\\u0442\\u043e\\u0440\\u0430\\u043d\\u0430\", \"object\": \"Star Burger \\u0415\\u0432\\u0440\\u043e\\u043f\\u0435\\u0439\\u0441\\u043a\\u0438\\u0439 - \\u0421\\u0442\\u0435\\u0439\\u043a\\u0445\\u0430\\u0443\\u0441\"}}]"}}, {"model": "admin.logentry", "pk": 2, "fields": {"action_time": "2023-03-25T03:10:31.752Z", "user": 1, "content_type": 2, "object_id": "2", "object_repr": "Лонг Чизбургер", "action_flag": 1, "change_message": "[{\"added\": {}}, {\"added\": {\"name\": \"\\u043f\\u0443\\u043d\\u043a\\u0442 \\u043c\\u0435\\u043d\\u044e \\u0440\\u0435\\u0441\\u0442\\u043e\\u0440\\u0430\\u043d\\u0430\", \"object\": \"Star Burger \\u0410\\u0440\\u0431\\u0430\\u0442 - \\u041b\\u043e\\u043d\\u0433 \\u0427\\u0438\\u0437\\u0431\\u0443\\u0440\\u0433\\u0435\\u0440\"}}, {\"added\": {\"name\": \"\\u043f\\u0443\\u043d\\u043a\\u0442 \\u043c\\u0435\\u043d\\u044e \\u0440\\u0435\\u0441\\u0442\\u043e\\u0440\\u0430\\u043d\\u0430\", \"object\": \"Star Burger \\u0426\\u0432\\u0435\\u0442\\u043d\\u043e\\u0439 - \\u041b\\u043e\\u043d\\u0433 \\u0427\\u0438\\u0437\\u0431\\u0443\\u0440\\u0433\\u0435\\u0440\"}}, {\"added\": {\"name\": \"\\u043f\\u0443\\u043d\\u043a\\u0442 \\u043c\\u0435\\u043d\\u044e \\u0440\\u0435\\u0441\\u0442\\u043e\\u0440\\u0430\\u043d\\u0430\", \"object\": \"Star Burger \\u0415\\u0432\\u0440\\u043e\\u043f\\u0435\\u0439\\u0441\\u043a\\u0438\\u0439 - \\u041b\\u043e\\u043d\\u0433 \\u0427\\u0438\\u0437\\u0431\\u0443\\u0440\\u0433\\u0435\\u0440\"}}]"}}, {"model": "admin.logentry", "pk": 3, "fields": {"action_time": "2023-03-25T03:11:18.984Z", "user": 1, "content_type": 2, "object_id": "3", "object_repr": "Тройной Воппер", "action_flag": 1, "change_message": "[{\"added\": {}}, {\"added\": {\"name\": \"\\u043f\\u0443\\u043d\\u043a\\u0442 \\u043c\\u0435\\u043d\\u044e \\u0440\\u0435\\u0441\\u0442\\u043e\\u0440\\u0430\\u043d\\u0430\", \"object\": \"Star Burger \\u0410\\u0440\\u0431\\u0430\\u0442 - \\u0422\\u0440\\u043e\\u0439\\u043d\\u043e\\u0439 \\u0412\\u043e\\u043f\\u043f\\u0435\\u0440\"}}, {\"added\": {\"name\": \"\\u043f\\u0443\\u043d\\u043a\\u0442 \\u043c\\u0435\\u043d\\u044e \\u0440\\u0435\\u0441\\u0442\\u043e\\u0440\\u0430\\u043d\\u0430\", \"object\": \"Star Burger \\u0426\\u0432\\u0435\\u0442\\u043d\\u043e\\u0439 - \\u0422\\u0440\\u043e\\u0439\\u043d\\u043e\\u0439 \\u0412\\u043e\\u043f\\u043f\\u0435\\u0440\"}}, {\"added\": {\"name\": \"\\u043f\\u0443\\u043d\\u043a\\u0442 \\u043c\\u0435\\u043d\\u044e \\u0440\\u0435\\u0441\\u0442\\u043e\\u0440\\u0430\\u043d\\u0430\", \"object\": \"Star Burger \\u0415\\u0432\\u0440\\u043e\\u043f\\u0435\\u0439\\u0441\\u043a\\u0438\\u0439 - \\u0422\\u0440\\u043e\\u0439\\u043d\\u043e\\u0439 \\u0412\\u043e\\u043f\\u043f\\u0435\\u0440\"}}]"}}, {"model": "admin.logentry", "pk": 4, "fields": {"action_time": "2023-03-25T03:12:17.873Z", "user": 1, "content_type": 2, "object_id": "4", "object_repr": "Беконайзер", "action_flag": 1, "change_message": "[{\"added\": {}}, {\"added\": {\"name\": \"\\u043f\\u0443\\u043d\\u043a\\u0442 \\u043c\\u0435\\u043d\\u044e \\u0440\\u0435\\u0441\\u0442\\u043e\\u0440\\u0430\\u043d\\u0430\", \"object\": \"Star Burger \\u0410\\u0440\\u0431\\u0430\\u0442 - \\u0411\\u0435\\u043a\\u043e\\u043d\\u0430\\u0439\\u0437\\u0435\\u0440\"}}, {\"added\": {\"name\": \"\\u043f\\u0443\\u043d\\u043a\\u0442 \\u043c\\u0435\\u043d\\u044e \\u0440\\u0435\\u0441\\u0442\\u043e\\u0440\\u0430\\u043d\\u0430\", \"object\": \"Star Burger \\u0426\\u0432\\u0435\\u0442\\u043d\\u043e\\u0439 - \\u0411\\u0435\\u043a\\u043e\\u043d\\u0430\\u0439\\u0437\\u0435\\u0440\"}}, {\"added\": {\"name\": \"\\u043f\\u0443\\u043d\\u043a\\u0442 \\u043c\\u0435\\u043d\\u044e \\u0440\\u0435\\u0441\\u0442\\u043e\\u0440\\u0430\\u043d\\u0430\", \"object\": \"Star Burger \\u0415\\u0432\\u0440\\u043e\\u043f\\u0435\\u0439\\u0441\\u043a\\u0438\\u0439 - \\u0411\\u0435\\u043a\\u043e\\u043d\\u0430\\u0439\\u0437\\u0435\\u0440\"}}]"}}, {"model": "admin.logentry", "pk": 5, "fields": {"action_time": "2023-03-25T03:12:58.480Z", "user": 1, "content_type": 2, "object_id": "5", "object_repr": "Фиш Ролл", "action_flag": 1, "change_message": "[{\"added\": {}}, {\"added\": {\"name\": \"\\u043f\\u0443\\u043d\\u043a\\u0442 \\u043c\\u0435\\u043d\\u044e \\u0440\\u0435\\u0441\\u0442\\u043e\\u0440\\u0430\\u043d\\u0430\", \"object\": \"Star Burger \\u0410\\u0440\\u0431\\u0430\\u0442 - \\u0424\\u0438\\u0448 \\u0420\\u043e\\u043b\\u043b\"}}, {\"added\": {\"name\": \"\\u043f\\u0443\\u043d\\u043a\\u0442 \\u043c\\u0435\\u043d\\u044e \\u0440\\u0435\\u0441\\u0442\\u043e\\u0440\\u0430\\u043d\\u0430\", \"object\": \"Star Burger \\u0426\\u0432\\u0435\\u0442\\u043d\\u043e\\u0439 - \\u0424\\u0438\\u0448 \\u0420\\u043e\\u043b\\u043b\"}}, {\"added\": {\"name\": \"\\u043f\\u0443\\u043d\\u043a\\u0442 \\u043c\\u0435\\u043d\\u044e \\u0440\\u0435\\u0441\\u0442\\u043e\\u0440\\u0430\\u043d\\u0430\", \"object\": \"Star Burger \\u0415\\u0432\\u0440\\u043e\\u043f\\u0435\\u0439\\u0441\\u043a\\u0438\\u0439 - \\u0424\\u0438\\u0448 \\u0420\\u043e\\u043b\\u043b\"}}]"}}, {"model": "admin.logentry", "pk": 6, "fields": {"action_time": "2023-03-25T03:13:46.256Z", "user": 1, "content_type": 2, "object_id": "6", "object_repr": "Шримп Ролл", "action_flag": 1, "change_message": "[{\"added\": {}}, {\"added\": {\"name\": \"\\u043f\\u0443\\u043d\\u043a\\u0442 \\u043c\\u0435\\u043d\\u044e \\u0440\\u0435\\u0441\\u0442\\u043e\\u0440\\u0430\\u043d\\u0430\", \"object\": \"Star Burger \\u0410\\u0440\\u0431\\u0430\\u0442 - \\u0428\\u0440\\u0438\\u043c\\u043f \\u0420\\u043e\\u043b\\u043b\"}}, {\"added\": {\"name\": \"\\u043f\\u0443\\u043d\\u043a\\u0442 \\u043c\\u0435\\u043d\\u044e \\u0440\\u0435\\u0441\\u0442\\u043e\\u0440\\u0430\\u043d\\u0430\", \"object\": \"Star Burger \\u0426\\u0432\\u0435\\u0442\\u043d\\u043e\\u0439 - \\u0428\\u0440\\u0438\\u043c\\u043f \\u0420\\u043e\\u043b\\u043b\"}}, {\"added\": {\"name\": \"\\u043f\\u0443\\u043d\\u043a\\u0442 \\u043c\\u0435\\u043d\\u044e \\u0440\\u0435\\u0441\\u0442\\u043e\\u0440\\u0430\\u043d\\u0430\", \"object\": \"Star Burger \\u0415\\u0432\\u0440\\u043e\\u043f\\u0435\\u0439\\u0441\\u043a\\u0438\\u0439 - \\u0428\\u0440\\u0438\\u043c\\u043f \\u0420\\u043e\\u043b\\u043b\"}}]"}}, {"model": "admin.logentry", "pk": 7, "fields": {"action_time": "2023-03-25T06:00:08.200Z", "user": 1, "content_type": 1, "object_id": "1", "object_repr": "алекс кадлл , Тула", "action_flag": 2, "change_message": "[]"}}, {"model": "admin.logentry", "pk": 8, "fields": {"action_time": "2023-03-26T00:50:26.199Z", "user": 1, "content_type": 6, "object_id": "9", "object_repr": "Алекс Калин , Тула ", "action_flag": 2, "change_message": "[{\"changed\": {\"fields\": [\"\\u0426\\u0435\\u043d\\u0430 \\u0442\\u043e\\u0432\\u0430\\u0440\\u0430\"]}}]"}}, {"model": "admin.logentry", "pk": 9, "fields": {"action_time": "2023-03-26T00:50:40.390Z", "user": 1, "content_type": 1, "object_id": "3", "object_repr": "Алекс Калин , Тула", "action_flag": 2, "change_message": "[{\"changed\": {\"name\": \"\\u044d\\u043b\\u0435\\u043c\\u0435\\u043d\\u0442 \\u0437\\u0430\\u043a\\u0430\\u0437\\u0430\", \"object\": \"\\u0410\\u043b\\u0435\\u043a\\u0441 \\u041a\\u0430\\u043b\\u0438\\u043d , \\u0422\\u0443\\u043b\\u0430 \", \"fields\": [\"\\u0426\\u0435\\u043d\\u0430 \\u0442\\u043e\\u0432\\u0430\\u0440\\u0430\"]}}]"}}, {"model": "admin.logentry", "pk": 10, "fields": {"action_time": "2023-03-26T00:52:10.588Z", "user": 1, "content_type": 1, "object_id": "3", "object_repr": "Алекс Калин , Тула", "action_flag": 2, "change_message": "[{\"changed\": {\"name\": \"\\u044d\\u043b\\u0435\\u043c\\u0435\\u043d\\u0442 \\u0437\\u0430\\u043a\\u0430\\u0437\\u0430\", \"object\": \"\\u0410\\u043b\\u0435\\u043a\\u0441 \\u041a\\u0430\\u043b\\u0438\\u043d , \\u0422\\u0443\\u043b\\u0430 \", \"fields\": [\"\\u0426\\u0435\\u043d\\u0430 \\u0442\\u043e\\u0432\\u0430\\u0440\\u0430\"]}}]"}}, {"model": "admin.logentry", "pk": 11, "fields": {"action_time": "2023-03-26T00:52:42.396Z", "user": 1, "content_type": 1, "object_id": "3", "object_repr": "Алекс Калин , Тула", "action_flag": 2, "change_message": "[{\"changed\": {\"name\": \"\\u044d\\u043b\\u0435\\u043c\\u0435\\u043d\\u0442 \\u0437\\u0430\\u043a\\u0430\\u0437\\u0430\", \"object\": \"\\u0410\\u043b\\u0435\\u043a\\u0441 \\u041a\\u0430\\u043b\\u0438\\u043d , \\u0422\\u0443\\u043b\\u0430 \", \"fields\": [\"\\u0426\\u0435\\u043d\\u0430 \\u0442\\u043e\\u0432\\u0430\\u0440\\u0430\"]}}]"}}, {"model": "admin.logentry", "pk": 12, "fields": {"action_time": "2023-03-26T01:02:53.222Z", "user": 1, "content_type": 1, "object_id": "4", "object_repr": "Петр Мамонов , Томск", "action_flag": 2, "change_message": "[{\"changed\": {\"name\": \"\\u044d\\u043b\\u0435\\u043c\\u0435\\u043d\\u0442 \\u0437\\u0430\\u043a\\u0430\\u0437\\u0430\", \"object\": \"\\u041f\\u0435\\u0442\\u0440 \\u041c\\u0430\\u043c\\u043e\\u043d\\u043e\\u0432 , \\u0422\\u043e\\u043c\\u0441\\u043a \", \"fields\": [\"\\u0426\\u0435\\u043d\\u0430 \\u0442\\u043e\\u0432\\u0430\\u0440\\u0430\"]}}]"}}, {"model": "admin.logentry", "pk": 13, "fields": {"action_time": "2023-03-26T02:24:38.975Z", "user": 1, "content_type": 1, "object_id": "4", "object_repr": "Петр Мамонов , Томск", "action_flag": 2, "change_message": "[{\"changed\": {\"name\": \"\\u044d\\u043b\\u0435\\u043c\\u0435\\u043d\\u0442 \\u0437\\u0430\\u043a\\u0430\\u0437\\u0430\", \"object\": \"\\u041f\\u0435\\u0442\\u0440 \\u041c\\u0430\\u043c\\u043e\\u043d\\u043e\\u0432 , \\u0422\\u043e\\u043c\\u0441\\u043a \", \"fields\": [\"\\u0426\\u0435\\u043d\\u0430 \\u0442\\u043e\\u0432\\u0430\\u0440\\u0430\"]}}, {\"changed\": {\"name\": \"\\u044d\\u043b\\u0435\\u043c\\u0435\\u043d\\u0442 \\u0437\\u0430\\u043a\\u0430\\u0437\\u0430\", \"object\": \"\\u041f\\u0435\\u0442\\u0440 \\u041c\\u0430\\u043c\\u043e\\u043d\\u043e\\u0432 , \\u0422\\u043e\\u043c\\u0441\\u043a \", \"fields\": [\"\\u0426\\u0435\\u043d\\u0430 \\u0442\\u043e\\u0432\\u0430\\u0440\\u0430\"]}}, {\"changed\": {\"name\": \"\\u044d\\u043b\\u0435\\u043c\\u0435\\u043d\\u0442 \\u0437\\u0430\\u043a\\u0430\\u0437\\u0430\", \"object\": \"\\u041f\\u0435\\u0442\\u0440 \\u041c\\u0430\\u043c\\u043e\\u043d\\u043e\\u0432 , \\u0422\\u043e\\u043c\\u0441\\u043a \", \"fields\": [\"\\u0426\\u0435\\u043d\\u0430 \\u0442\\u043e\\u0432\\u0430\\u0440\\u0430\"]}}]"}}, {"model": "admin.logentry", "pk": 14, "fields": {"action_time": "2023-03-26T02:25:28.581Z", "user": 1, "content_type": 1, "object_id": "4", "object_repr": "Петр Мамонов , Томск", "action_flag": 2, "change_message": "[{\"changed\": {\"name\": \"\\u044d\\u043b\\u0435\\u043c\\u0435\\u043d\\u0442 \\u0437\\u0430\\u043a\\u0430\\u0437\\u0430\", \"object\": \"\\u041f\\u0435\\u0442\\u0440 \\u041c\\u0430\\u043c\\u043e\\u043d\\u043e\\u0432 , \\u0422\\u043e\\u043c\\u0441\\u043a \", \"fields\": [\"\\u0426\\u0435\\u043d\\u0430 \\u0442\\u043e\\u0432\\u0430\\u0440\\u0430\"]}}]"}}, {"model": "admin.logentry", "pk": 15, "fields": {"action_time": "2023-03-26T02:25:35.931Z", "user": 1, "content_type": 1, "object_id": "4", "object_repr": "Петр Мамонов , Томск", "action_flag": 2, "change_message": "[{\"changed\": {\"name\": \"\\u044d\\u043b\\u0435\\u043c\\u0435\\u043d\\u0442 \\u0437\\u0430\\u043a\\u0430\\u0437\\u0430\", \"object\": \"\\u041f\\u0435\\u0442\\u0440 \\u041c\\u0430\\u043c\\u043e\\u043d\\u043e\\u0432 , \\u0422\\u043e\\u043c\\u0441\\u043a \", \"fields\": [\"\\u0426\\u0435\\u043d\\u0430 \\u0442\\u043e\\u0432\\u0430\\u0440\\u0430\"]}}]"}}, {"model": "admin.logentry", "pk": 16, "fields": {"action_time": "2023-03-26T02:27:20.126Z", "user": 1, "content_type": 1, "object_id": "4", "object_repr": "Петр Мамонов , Томск", "action_flag": 2, "change_message": "[{\"changed\": {\"name\": \"\\u044d\\u043b\\u0435\\u043c\\u0435\\u043d\\u0442 \\u0437\\u0430\\u043a\\u0430\\u0437\\u0430\", \"object\": \"\\u041f\\u0435\\u0442\\u0440 \\u041c\\u0430\\u043c\\u043e\\u043d\\u043e\\u0432 , \\u0422\\u043e\\u043c\\u0441\\u043a \", \"fields\": [\"\\u0426\\u0435\\u043d\\u0430 \\u0442\\u043e\\u0432\\u0430\\u0440\\u0430\"]}}]"}}, {"model": "admin.logentry", "pk": 17, "fields": {"action_time": "2023-03-26T02:53:11.807Z", "user": 1, "content_type": 1, "object_id": "4", "object_repr": "Петр Мамонов , Томск", "action_flag": 2, "change_message": "[{\"changed\": {\"name\": \"\\u044d\\u043b\\u0435\\u043c\\u0435\\u043d\\u0442 \\u0437\\u0430\\u043a\\u0430\\u0437\\u0430\", \"object\": \"\\u041f\\u0435\\u0442\\u0440 \\u041c\\u0430\\u043c\\u043e\\u043d\\u043e\\u0432 , \\u0422\\u043e\\u043c\\u0441\\u043a \", \"fields\": [\"\\u0426\\u0435\\u043d\\u0430 \\u0442\\u043e\\u0432\\u0430\\u0440\\u0430\"]}}]"}}, {"model": "admin.logentry", "pk": 18, "fields": {"action_time": "2023-03-26T12:54:17.675Z", "user": 1, "content_type": 1, "object_id": "6", "object_repr": "A s , r", "action_flag": 2, "change_message": "[{\"changed\": {\"name\": \"\\u044d\\u043b\\u0435\\u043c\\u0435\\u043d\\u0442 \\u0437\\u0430\\u043a\\u0430\\u0437\\u0430\", \"object\": \"A s , r \", \"fields\": [\"\\u0426\\u0435\\u043d\\u0430 \\u0442\\u043e\\u0432\\u0430\\u0440\\u0430\"]}}]"}}, {"model": "admin.logentry", "pk": 19, "fields": {"action_time": "2023-03-28T00:00:29.231Z", "user": 1, "content_type": 1, "object_id": "6", "object_repr": "Addd s , r", "action_flag": 2, "change_message": "[{\"changed\": {\"fields\": [\"\\u0418\\u043c\\u044f\"]}}]"}}, {"model": "admin.logentry", "pk": 20, "fields": {"action_time": "2023-03-28T00:42:33.991Z", "user": 1, "content_type": 1, "object_id": "4", "object_repr": "Петр Мамонов , Томск", "action_flag": 2, "change_message": "[]"}}, {"model": "admin.logentry", "pk": 21, "fields": {"action_time": "2023-03-28T00:52:57.052Z", "user": 1, "content_type": 1, "object_id": "6", "object_repr": "Addd s , r", "action_flag": 2, "change_message": "[]"}}, {"model": "admin.logentry", "pk": 22, "fields": {"action_time": "2023-03-28T01:42:22.396Z", "user": 1, "content_type": 1, "object_id": "6", "object_repr": "Adddeee s , r", "action_flag": 2, "change_message": "[{\"changed\": {\"fields\": [\"\\u0418\\u043c\\u044f\"]}}]"}}, {"model": "admin.logentry", "pk": 23, "fields": {"action_time": "2023-03-28T01:49:04.118Z", "user": 1, "content_type": 1, "object_id": "6", "object_repr": "Adddeee s , r", "action_flag": 2, "change_message": "[]"}}, {"model": "admin.logentry", "pk": 24, "fields": {"action_time": "2023-03-28T01:59:57.234Z", "user": 1, "content_type": 1, "object_id": "6", "object_repr": "Adddeee s , r", "action_flag": 2, "change_message": "[]"}}, {"model": "admin.logentry", "pk": 25, "fields": {"action_time": "2023-03-28T02:00:06.704Z", "user": 1, "content_type": 1, "object_id": "6", "object_repr": "Adddeee s , r", "action_flag": 2, "change_message": "[]"}}, {"model": "admin.logentry", "pk": 26, "fields": {"action_time": "2023-03-28T02:00:27.276Z", "user": 1, "content_type": 1, "object_id": "6", "object_repr": "Adddeee sdwdww , r", "action_flag": 2, "change_message": "[{\"changed\": {\"fields\": [\"\\u0424\\u0430\\u043c\\u0438\\u043b\\u0438\\u044f\"]}}]"}}, {"model": "admin.logentry", "pk": 27, "fields": {"action_time": "2023-03-28T02:00:40.974Z", "user": 1, "content_type": 1, "object_id": "4", "object_repr": "Петрfffffffffffffffffffffffffff Мамонов , Томск", "action_flag": 2, "change_message": "[{\"changed\": {\"fields\": [\"\\u0418\\u043c\\u044f\"]}}]"}}, {"model": "admin.logentry", "pk": 28, "fields": {"action_time": "2023-03-28T02:33:00.976Z", "user": 1, "content_type": 1, "object_id": "5", "object_repr": "Alex Kalin , Мразь", "action_flag": 2, "change_message": "[{\"changed\": {\"fields\": [\"\\u0410\\u0434\\u0440\\u0435\\u0441\"]}}]"}}, {"model": "admin.logentry", "pk": 29, "fields": {"action_time": "2023-03-28T02:33:58.965Z", "user": 1, "content_type": 1, "object_id": "5", "object_repr": "Alex Kalin222 , Мразь", "action_flag": 2, "change_message": "[{\"changed\": {\"fields\": [\"\\u0424\\u0430\\u043c\\u0438\\u043b\\u0438\\u044f\"]}}]"}}, {"model": "admin.logentry", "pk": 30, "fields": {"action_time": "2023-03-28T04:27:25.952Z", "user": 1, "content_type": 1, "object_id": "6", "object_repr": "Adddeee sdwdww , r", "action_flag": 2, "change_message": "[{\"changed\": {\"name\": \"\\u044d\\u043b\\u0435\\u043c\\u0435\\u043d\\u0442 \\u0437\\u0430\\u043a\\u0430\\u0437\\u0430\", \"object\": \"Adddeee sdwdww , r \", \"fields\": [\"Status\"]}}, {\"changed\": {\"name\": \"\\u044d\\u043b\\u0435\\u043c\\u0435\\u043d\\u0442 \\u0437\\u0430\\u043a\\u0430\\u0437\\u0430\", \"object\": \"Adddeee sdwdww , r \", \"fields\": [\"Status\"]}}]"}}, {"model": "admin.logentry", "pk": 31, "fields": {"action_time": "2023-03-28T04:43:00.311Z", "user": 1, "content_type": 1, "object_id": "6", "object_repr": "Adddeee sdwdww , r", "action_flag": 2, "change_message": "[{\"changed\": {\"name\": \"\\u044d\\u043b\\u0435\\u043c\\u0435\\u043d\\u0442 \\u0437\\u0430\\u043a\\u0430\\u0437\\u0430\", \"object\": \"Adddeee sdwdww , r \", \"fields\": [\"Status\"]}}, {\"changed\": {\"name\": \"\\u044d\\u043b\\u0435\\u043c\\u0435\\u043d\\u0442 \\u0437\\u0430\\u043a\\u0430\\u0437\\u0430\", \"object\": \"Adddeee sdwdww , r \", \"fields\": [\"Status\"]}}]"}}, {"model": "admin.logentry", "pk": 32, "fields": {"action_time": "2023-03-28T04:43:33.033Z", "user": 1, "content_type": 1, "object_id": "2", "object_repr": "Фридрех Энгельс , Москва", "action_flag": 2, "change_message": "[{\"changed\": {\"name\": \"\\u044d\\u043b\\u0435\\u043c\\u0435\\u043d\\u0442 \\u0437\\u0430\\u043a\\u0430\\u0437\\u0430\", \"object\": \"\\u0424\\u0440\\u0438\\u0434\\u0440\\u0435\\u0445 \\u042d\\u043d\\u0433\\u0435\\u043b\\u044c\\u0441 , \\u041c\\u043e\\u0441\\u043a\\u0432\\u0430 \", \"fields\": [\"Status\"]}}]"}}, {"model": "admin.logentry", "pk": 33, "fields": {"action_time": "2023-03-28T06:08:28.865Z", "user": 1, "content_type": 1, "object_id": "6", "object_repr": "Adddeee sdwdww , r", "action_flag": 3, "change_message": ""}}, {"model": "admin.logentry", "pk": 34, "fields": {"action_time": "2023-03-28T06:08:28.894Z", "user": 1, "content_type": 1, "object_id": "4", "object_repr": "Петрfffffffffffffffffffffffffff Мамонов , Томск", "action_flag": 3, "change_message": ""}}, {"model": "admin.logentry", "pk": 35, "fields": {"action_time": "2023-03-28T06:08:28.912Z", "user": 1, "content_type": 1, "object_id": "1", "object_repr": "алекс кадлл , Тула", "action_flag": 3, "change_message": ""}}, {"model": "admin.logentry", "pk": 36, "fields": {"action_time": "2023-03-28T06:08:39.659Z", "user": 1, "content_type": 1, "object_id": "5", "object_repr": "Alex Kalin222 , Мразь", "action_flag": 2, "change_message": "[{\"changed\": {\"name\": \"\\u044d\\u043b\\u0435\\u043c\\u0435\\u043d\\u0442 \\u0437\\u0430\\u043a\\u0430\\u0437\\u0430\", \"object\": \"Alex Kalin222 , \\u041c\\u0440\\u0430\\u0437\\u044c \", \"fields\": [\"\\u0421\\u0442\\u0430\\u0442\\u0443\\u0441\"]}}, {\"changed\": {\"name\": \"\\u044d\\u043b\\u0435\\u043c\\u0435\\u043d\\u0442 \\u0437\\u0430\\u043a\\u0430\\u0437\\u0430\", \"object\": \"Alex Kalin222 , \\u041c\\u0440\\u0430\\u0437\\u044c \", \"fields\": [\"\\u0421\\u0442\\u0430\\u0442\\u0443\\u0441\"]}}]"}}, {"model": "admin.logentry", "pk": 37, "fields": {"action_time": "2023-03-28T06:08:58.090Z", "user": 1, "content_type": 1, "object_id": "2", "object_repr": "Фридрех Энгельс , Москва", "action_flag": 2, "change_message": "[{\"changed\": {\"name\": \"\\u044d\\u043b\\u0435\\u043c\\u0435\\u043d\\u0442 \\u0437\\u0430\\u043a\\u0430\\u0437\\u0430\", \"object\": \"\\u0424\\u0440\\u0438\\u0434\\u0440\\u0435\\u0445 \\u042d\\u043d\\u0433\\u0435\\u043b\\u044c\\u0441 , \\u041c\\u043e\\u0441\\u043a\\u0432\\u0430 \", \"fields\": [\"\\u0421\\u0442\\u0430\\u0442\\u0443\\u0441\"]}}]"}}, {"model": "admin.logentry", "pk": 38, "fields": {"action_time": "2023-03-28T23:09:33.804Z", "user": 1, "content_type": 1, "object_id": "5", "object_repr": "Alex Kalin222 , Мразь", "action_flag": 3, "change_message": ""}}, {"model": "admin.logentry", "pk": 39, "fields": {"action_time": "2023-03-28T23:09:33.821Z", "user": 1, "content_type": 1, "object_id": "3", "object_repr": "Алекс Калин , Тула", "action_flag": 3, "change_message": ""}}, {"model": "admin.logentry", "pk": 40, "fields": {"action_time": "2023-03-29T02:54:36.976Z", "user": 1, "content_type": 1, "object_id": "8", "object_repr": "Rost Post , MOst", "action_flag": 2, "change_message": "[{\"changed\": {\"fields\": [\"\\u0421\\u0442\\u0430\\u0442\\u0443\\u0441\"]}}]"}}, {"model": "admin.logentry", "pk": 41, "fields": {"action_time": "2023-03-29T02:54:54.998Z", "user": 1, "content_type": 1, "object_id": "7", "object_repr": "Alex Mak , tuks", "action_flag": 2, "change_message": "[{\"changed\": {\"fields\": [\"\\u0421\\u0442\\u0430\\u0442\\u0443\\u0441\"]}}]"}}, {"model": "admin.logentry", "pk": 42, "fields": {"action_time": "2023-03-29T04:46:44.853Z", "user": 1, "content_type": 1, "object_id": "8", "object_repr": "Rost Post , MOst", "action_flag": 2, "change_message": "[{\"changed\": {\"fields\": [\"\\u041a\\u043e\\u043c\\u043c\\u0435\\u043d\\u0442\\u0430\\u0440\\u0438\\u0439\"]}}]"}}, {"model": "admin.logentry", "pk": 43, "fields": {"action_time": "2023-03-29T05:16:50.911Z", "user": 1, "content_type": 1, "object_id": "7", "object_repr": "Alex Mak , Тула", "action_flag": 2, "change_message": "[{\"changed\": {\"fields\": [\"\\u0410\\u0434\\u0440\\u0435\\u0441\", \"\\u041a\\u043e\\u043c\\u043c\\u0435\\u043d\\u0442\\u0430\\u0440\\u0438\\u0439\"]}}]"}}, {"model": "admin.logentry", "pk": 44, "fields": {"action_time": "2023-03-29T07:40:40.480Z", "user": 1, "content_type": 1, "object_id": "9", "object_repr": "Энгельс Энгельс , Энгельс", "action_flag": 2, "change_message": "[{\"changed\": {\"fields\": [\"\\u041f\\u043e\\u0434\\u0442\\u0432\\u0435\\u0440\\u0436\\u0434\\u0435\\u043d\\u043e\", \"\\u0414\\u043e\\u0441\\u0442\\u0430\\u0432\\u043b\\u0435\\u043d\\u043e\"]}}]"}}, {"model": "admin.logentry", "pk": 45, "fields": {"action_time": "2023-03-29T08:02:49.478Z", "user": 1, "content_type": 1, "object_id": "9", "object_repr": "Энгельс Энгельс , Энгельс", "action_flag": 2, "change_message": "[{\"changed\": {\"fields\": [\"C\\u043f\\u043e\\u0441\\u043e\\u0431 \\u043e\\u043f\\u043b\\u0430\\u0442\\u044b\"]}}]"}}, {"model": "admin.logentry", "pk": 46, "fields": {"action_time": "2023-03-29T23:28:09.307Z", "user": 1, "content_type": 1, "object_id": "9", "object_repr": "Энгельс Энгельс , Энгельс", "action_flag": 2, "change_message": "[{\"changed\": {\"fields\": [\"\\u041a\\u043e\\u043c\\u043c\\u0435\\u043d\\u0442\\u0430\\u0440\\u0438\\u0439\"]}}]"}}, {"model": "admin.logentry", "pk": 47, "fields": {"action_time": "2023-03-29T23:28:48.410Z", "user": 1, "content_type": 1, "object_id": "8", "object_repr": "Rost Post , MOst", "action_flag": 2, "change_message": "[{\"changed\": {\"fields\": [\"\\u041a\\u043e\\u043c\\u043c\\u0435\\u043d\\u0442\\u0430\\u0440\\u0438\\u0439\"]}}]"}}, {"model": "admin.logentry", "pk": 48, "fields": {"action_time": "2023-03-30T00:58:59.327Z", "user": 1, "content_type": 2, "object_id": "6", "object_repr": "Шримп Ролл", "action_flag": 2, "change_message": "[{\"changed\": {\"name\": \"\\u043f\\u0443\\u043d\\u043a\\u0442 \\u043c\\u0435\\u043d\\u044e \\u0440\\u0435\\u0441\\u0442\\u043e\\u0440\\u0430\\u043d\\u0430\", \"object\": \"Star Burger \\u0426\\u0432\\u0435\\u0442\\u043d\\u043e\\u0439 - \\u0428\\u0440\\u0438\\u043c\\u043f \\u0420\\u043e\\u043b\\u043b\", \"fields\": [\"\\u0412 \\u043f\\u0440\\u043e\\u0434\\u0430\\u0436\\u0435\"]}}, {\"changed\": {\"name\": \"\\u043f\\u0443\\u043d\\u043a\\u0442 \\u043c\\u0435\\u043d\\u044e \\u0440\\u0435\\u0441\\u0442\\u043e\\u0440\\u0430\\u043d\\u0430\", \"object\": \"Star Burger \\u0415\\u0432\\u0440\\u043e\\u043f\\u0435\\u0439\\u0441\\u043a\\u0438\\u0439 - \\u0428\\u0440\\u0438\\u043c\\u043f \\u0420\\u043e\\u043b\\u043b\", \"fields\": [\"\\u0412 \\u043f\\u0440\\u043e\\u0434\\u0430\\u0436\\u0435\"]}}]"}}, {"model": "admin.logentry", "pk": 49, "fields": {"action_time": "2023-03-30T00:59:32.533Z", "user": 1, "content_type": 2, "object_id": "4", "object_repr": "Беконайзер", "action_flag": 2, "change_message": "[{\"changed\": {\"name\": \"\\u043f\\u0443\\u043d\\u043a\\u0442 \\u043c\\u0435\\u043d\\u044e \\u0440\\u0435\\u0441\\u0442\\u043e\\u0440\\u0430\\u043d\\u0430\", \"object\": \"Star Burger \\u0415\\u0432\\u0440\\u043e\\u043f\\u0435\\u0439\\u0441\\u043a\\u0438\\u0439 - \\u0411\\u0435\\u043a\\u043e\\u043d\\u0430\\u0439\\u0437\\u0435\\u0440\", \"fields\": [\"\\u0412 \\u043f\\u0440\\u043e\\u0434\\u0430\\u0436\\u0435\"]}}]"}}, {"model": "admin.logentry", "pk": 50, "fields": {"action_time": "2023-03-30T00:59:49.023Z", "user": 1, "content_type": 2, "object_id": "4", "object_repr": "Беконайзер", "action_flag": 2, "change_message": "[]"}}, {"model": "admin.logentry", "pk": 51, "fields": {"action_time": "2023-03-30T01:00:17.215Z", "user": 1, "content_type": 2, "object_id": "2", "object_repr": "Лонг Чизбургер", "action_flag": 2, "change_message": "[{\"changed\": {\"name\": \"\\u043f\\u0443\\u043d\\u043a\\u0442 \\u043c\\u0435\\u043d\\u044e \\u0440\\u0435\\u0441\\u0442\\u043e\\u0440\\u0430\\u043d\\u0430\", \"object\": \"Star Burger \\u0426\\u0432\\u0435\\u0442\\u043d\\u043e\\u0439 - \\u041b\\u043e\\u043d\\u0433 \\u0427\\u0438\\u0437\\u0431\\u0443\\u0440\\u0433\\u0435\\u0440\", \"fields\": [\"\\u0412 \\u043f\\u0440\\u043e\\u0434\\u0430\\u0436\\u0435\"]}}, {\"changed\": {\"name\": \"\\u043f\\u0443\\u043d\\u043a\\u0442 \\u043c\\u0435\\u043d\\u044e \\u0440\\u0435\\u0441\\u0442\\u043e\\u0440\\u0430\\u043d\\u0430\", \"object\": \"Star Burger \\u0415\\u0432\\u0440\\u043e\\u043f\\u0435\\u0439\\u0441\\u043a\\u0438\\u0439 - \\u041b\\u043e\\u043d\\u0433 \\u0427\\u0438\\u0437\\u0431\\u0443\\u0440\\u0433\\u0435\\u0440\", \"fields\": [\"\\u0412 \\u043f\\u0440\\u043e\\u0434\\u0430\\u0436\\u0435\"]}}]"}}, {"model": "admin.logentry", "pk": 52, "fields": {"action_time": "2023-03-30T03:12:35.288Z", "user": 1, "content_type": 1, "object_id": "9", "object_repr": "Энгельс Энгельс , Энгельс", "action_flag": 2, "change_message": "[{\"changed\": {\"fields\": [\"\\u0420\\u0435\\u0441\\u0442\\u043e\\u0440\\u0430\\u043d\"]}}]"}}, {"model": "admin.logentry", "pk": 53, "fields": {"action_time": "2023-03-30T03:14:12.031Z", "user": 1, "content_type": 1, "object_id": "2", "object_repr": "Фридрех Энгельс , Москва", "action_flag": 2, "change_message": "[{\"changed\": {\"fields\": [\"\\u0420\\u0435\\u0441\\u0442\\u043e\\u0440\\u0430\\u043d\", \"\\u041a\\u043e\\u043c\\u043c\\u0435\\u043d\\u0442\\u0430\\u0440\\u0438\\u0439\"]}}]"}}, {"model": "admin.logentry", "pk": 54, "fields": {"action_time": "2023-03-30T03:23:41.275Z", "user": 1, "content_type": 1, "object_id": "11", "object_repr": "Сара Конер , Вологда", "action_flag": 2, "change_message": "[{\"changed\": {\"fields\": [\"\\u0420\\u0435\\u0441\\u0442\\u043e\\u0440\\u0430\\u043d\"]}}]"}}, {"model": "admin.logentry", "pk": 55, "fields": {"action_time": "2023-03-30T09:50:05.499Z", "user": 1, "content_type": 1, "object_id": "2", "object_repr": "Фридрех Энгельс , Москва", "action_flag": 2, "change_message": "[{\"changed\": {\"fields\": [\"\\u0420\\u0435\\u0441\\u0442\\u043e\\u0440\\u0430\\u043d\"]}}]"}}, {"model": "admin.logentry", "pk": 56, "fields": {"action_time": "2023-03-30T09:50:14.991Z", "user": 1, "content_type": 1, "object_id": "12", "object_repr": "Дюк Нюкем , Саратов", "action_flag": 2, "change_message": "[]"}}, {"model": "admin.logentry", "pk": 57, "fields": {"action_time": "2023-03-30T09:50:25.495Z", "user": 1, "content_type": 1, "object_id": "11", "object_repr": "Сара Конер , Вологда", "action_flag": 2, "change_message": "[{\"changed\": {\"fields\": [\"\\u0420\\u0435\\u0441\\u0442\\u043e\\u0440\\u0430\\u043d\"]}}]"}}, {"model": "admin.logentry", "pk": 58, "fields": {"action_time": "2023-03-30T09:50:34.794Z", "user": 1, "content_type": 1, "object_id": "11", "object_repr": "Сара Конер , Вологда", "action_flag": 2, "change_message": "[]"}}, {"model": "admin.logentry", "pk": 59, "fields": {"action_time": "2023-03-30T09:50:43.994Z", "user": 1, "content_type": 1, "object_id": "9", "object_repr": "Энгельс Энгельс , Энгельс", "action_flag": 2, "change_message": "[{\"changed\": {\"fields\": [\"\\u0420\\u0435\\u0441\\u0442\\u043e\\u0440\\u0430\\u043d\"]}}]"}}, {"model": "admin.logentry", "pk": 60, "fields": {"action_time": "2023-03-30T12:31:45.893Z", "user": 1, "content_type": 2, "object_id": "2", "object_repr": "Лонг Чизбургер", "action_flag": 2, "change_message": "[{\"changed\": {\"name\": \"\\u043f\\u0443\\u043d\\u043a\\u0442 \\u043c\\u0435\\u043d\\u044e \\u0440\\u0435\\u0441\\u0442\\u043e\\u0440\\u0430\\u043d\\u0430\", \"object\": \"Star Burger \\u0426\\u0432\\u0435\\u0442\\u043d\\u043e\\u0439 - \\u041b\\u043e\\u043d\\u0433 \\u0427\\u0438\\u0437\\u0431\\u0443\\u0440\\u0433\\u0435\\u0440\", \"fields\": [\"\\u0412 \\u043f\\u0440\\u043e\\u0434\\u0430\\u0436\\u0435\"]}}, {\"changed\": {\"name\": \"\\u043f\\u0443\\u043d\\u043a\\u0442 \\u043c\\u0435\\u043d\\u044e \\u0440\\u0435\\u0441\\u0442\\u043e\\u0440\\u0430\\u043d\\u0430\", \"object\": \"Star Burger \\u0415\\u0432\\u0440\\u043e\\u043f\\u0435\\u0439\\u0441\\u043a\\u0438\\u0439 - \\u041b\\u043e\\u043d\\u0433 \\u0427\\u0438\\u0437\\u0431\\u0443\\u0440\\u0433\\u0435\\u0440\", \"fields\": [\"\\u0412 \\u043f\\u0440\\u043e\\u0434\\u0430\\u0436\\u0435\"]}}]"}}, {"model": "admin.logentry", "pk": 61, "fields": {"action_time": "2023-03-30T12:35:01.265Z", "user": 1, "content_type": 2, "object_id": "1", "object_repr": "Стейкхаус", "action_flag": 2, "change_message": "[]"}}, {"model": "admin.logentry", "pk": 62, "fields": {"action_time": "2023-03-30T14:34:14.022Z", "user": 1, "content_type": 2, "object_id": "3", "object_repr": "Тройной Воппер", "action_flag": 2, "change_message": "[{\"changed\": {\"name\": \"\\u043f\\u0443\\u043d\\u043a\\u0442 \\u043c\\u0435\\u043d\\u044e \\u0440\\u0435\\u0441\\u0442\\u043e\\u0440\\u0430\\u043d\\u0430\", \"object\": \"Star Burger \\u0410\\u0440\\u0431\\u0430\\u0442 - \\u0422\\u0440\\u043e\\u0439\\u043d\\u043e\\u0439 \\u0412\\u043e\\u043f\\u043f\\u0435\\u0440\", \"fields\": [\"\\u0412 \\u043f\\u0440\\u043e\\u0434\\u0430\\u0436\\u0435\"]}}]"}}, {"model": "admin.logentry", "pk": 63, "fields": {"action_time": "2023-03-30T14:34:47.949Z", "user": 1, "content_type": 2, "object_id": "5", "object_repr": "Фиш Ролл", "action_flag": 2, "change_message": "[{\"changed\": {\"name\": \"\\u043f\\u0443\\u043d\\u043a\\u0442 \\u043c\\u0435\\u043d\\u044e \\u0440\\u0435\\u0441\\u0442\\u043e\\u0440\\u0430\\u043d\\u0430\", \"object\": \"Star Burger \\u0410\\u0440\\u0431\\u0430\\u0442 - \\u0424\\u0438\\u0448 \\u0420\\u043e\\u043b\\u043b\", \"fields\": [\"\\u0412 \\u043f\\u0440\\u043e\\u0434\\u0430\\u0436\\u0435\"]}}, {\"changed\": {\"name\": \"\\u043f\\u0443\\u043d\\u043a\\u0442 \\u043c\\u0435\\u043d\\u044e \\u0440\\u0435\\u0441\\u0442\\u043e\\u0440\\u0430\\u043d\\u0430\", \"object\": \"Star Burger \\u0415\\u0432\\u0440\\u043e\\u043f\\u0435\\u0439\\u0441\\u043a\\u0438\\u0439 - \\u0424\\u0438\\u0448 \\u0420\\u043e\\u043b\\u043b\", \"fields\": [\"\\u0412 \\u043f\\u0440\\u043e\\u0434\\u0430\\u0436\\u0435\"]}}]"}}, {"model": "admin.logentry", "pk": 64, "fields": {"action_time": "2023-03-31T04:17:06.043Z", "user": 1, "content_type": 2, "object_id": "5", "object_repr": "Фиш Ролл", "action_flag": 2, "change_message": "[]"}}, {"model": "admin.logentry", "pk": 65, "fields": {"action_time": "2023-03-31T10:51:32.322Z", "user": 1, "content_type": 1, "object_id": "2", "object_repr": "Фридрех Энгельс , Москва", "action_flag": 2, "change_message": "[]"}}, {"model": "admin.logentry", "pk": 66, "fields": {"action_time": "2023-04-01T09:19:51.421Z", "user": 1, "content_type": 1, "object_id": "2", "object_repr": "Фридрех Энгельс , Москва", "action_flag": 2, "change_message": "[{\"added\": {\"name\": \"\\u044d\\u043b\\u0435\\u043c\\u0435\\u043d\\u0442 \\u0437\\u0430\\u043a\\u0430\\u0437\\u0430\", \"object\": \"\\u0424\\u0440\\u0438\\u0434\\u0440\\u0435\\u0445 \\u042d\\u043d\\u0433\\u0435\\u043b\\u044c\\u0441 , \\u041c\\u043e\\u0441\\u043a\\u0432\\u0430 \"}}, {\"changed\": {\"name\": \"\\u044d\\u043b\\u0435\\u043c\\u0435\\u043d\\u0442 \\u0437\\u0430\\u043a\\u0430\\u0437\\u0430\", \"object\": \"\\u0424\\u0440\\u0438\\u0434\\u0440\\u0435\\u0445 \\u042d\\u043d\\u0433\\u0435\\u043b\\u044c\\u0441 , \\u041c\\u043e\\u0441\\u043a\\u0432\\u0430 \", \"fields\": [\"\\u0422\\u043e\\u0432\\u0430\\u0440\"]}}]"}}, {"model": "admin.logentry", "pk": 67, "fields": {"action_time": "2023-04-01T09:25:01.460Z", "user": 1, "content_type": 2, "object_id": "2", "object_repr": "Лонг Чизбургер", "action_flag": 2, "change_message": "[{\"changed\": {\"name\": \"\\u043f\\u0443\\u043d\\u043a\\u0442 \\u043c\\u0435\\u043d\\u044e \\u0440\\u0435\\u0441\\u0442\\u043e\\u0440\\u0430\\u043d\\u0430\", \"object\": \"Star Burger \\u0410\\u0440\\u0431\\u0430\\u0442 - \\u041b\\u043e\\u043d\\u0433 \\u0427\\u0438\\u0437\\u0431\\u0443\\u0440\\u0433\\u0435\\u0440\", \"fields\": [\"\\u0412 \\u043f\\u0440\\u043e\\u0434\\u0430\\u0436\\u0435\"]}}, {\"changed\": {\"name\": \"\\u043f\\u0443\\u043d\\u043a\\u0442 \\u043c\\u0435\\u043d\\u044e \\u0440\\u0435\\u0441\\u0442\\u043e\\u0440\\u0430\\u043d\\u0430\", \"object\": \"Star Burger \\u0426\\u0432\\u0435\\u0442\\u043d\\u043e\\u0439 - \\u041b\\u043e\\u043d\\u0433 \\u0427\\u0438\\u0437\\u0431\\u0443\\u0440\\u0433\\u0435\\u0440\", \"fields\": [\"\\u0412 \\u043f\\u0440\\u043e\\u0434\\u0430\\u0436\\u0435\"]}}, {\"changed\": {\"name\": \"\\u043f\\u0443\\u043d\\u043a\\u0442 \\u043c\\u0435\\u043d\\u044e \\u0440\\u0435\\u0441\\u0442\\u043e\\u0440\\u0430\\u043d\\u0430\", \"object\": \"Star Burger \\u0415\\u0432\\u0440\\u043e\\u043f\\u0435\\u0439\\u0441\\u043a\\u0438\\u0439 - \\u041b\\u043e\\u043d\\u0433 \\u0427\\u0438\\u0437\\u0431\\u0443\\u0440\\u0433\\u0435\\u0440\", \"fields\": [\"\\u0412 \\u043f\\u0440\\u043e\\u0434\\u0430\\u0436\\u0435\"]}}]"}}, {"model": "admin.logentry", "pk": 68, "fields": {"action_time": "2023-04-01T09:25:56.624Z", "user": 1, "content_type": 1, "object_id": "8", "object_repr": "Rost Post , MOst", "action_flag": 2, "change_message": "[{\"deleted\": {\"name\": \"\\u044d\\u043b\\u0435\\u043c\\u0435\\u043d\\u0442 \\u0437\\u0430\\u043a\\u0430\\u0437\\u0430\", \"object\": \"Rost Post , MOst \"}}]"}}, {"model": "admin.logentry", "pk": 69, "fields": {"action_time": "2023-04-01T09:26:30.673Z", "user": 1, "content_type": 2, "object_id": "2", "object_repr": "Лонг Чизбургер", "action_flag": 2, "change_message": "[{\"changed\": {\"name\": \"\\u043f\\u0443\\u043d\\u043a\\u0442 \\u043c\\u0435\\u043d\\u044e \\u0440\\u0435\\u0441\\u0442\\u043e\\u0440\\u0430\\u043d\\u0430\", \"object\": \"Star Burger \\u0410\\u0440\\u0431\\u0430\\u0442 - \\u041b\\u043e\\u043d\\u0433 \\u0427\\u0438\\u0437\\u0431\\u0443\\u0440\\u0433\\u0435\\u0440\", \"fields\": [\"\\u0412 \\u043f\\u0440\\u043e\\u0434\\u0430\\u0436\\u0435\"]}}, {\"changed\": {\"name\": \"\\u043f\\u0443\\u043d\\u043a\\u0442 \\u043c\\u0435\\u043d\\u044e \\u0440\\u0435\\u0441\\u0442\\u043e\\u0440\\u0430\\u043d\\u0430\", \"object\": \"Star Burger \\u0426\\u0432\\u0435\\u0442\\u043d\\u043e\\u0439 - \\u041b\\u043e\\u043d\\u0433 \\u0427\\u0438\\u0437\\u0431\\u0443\\u0440\\u0433\\u0435\\u0440\", \"fields\": [\"\\u0412 \\u043f\\u0440\\u043e\\u0434\\u0430\\u0436\\u0435\"]}}]"}}, {"model": "admin.logentry", "pk": 70, "fields": {"action_time": "2023-04-01T09:28:02.449Z", "user": 1, "content_type": 2, "object_id": "6", "object_repr": "Шримп Ролл", "action_flag": 2, "change_message": "[{\"changed\": {\"name\": \"\\u043f\\u0443\\u043d\\u043a\\u0442 \\u043c\\u0435\\u043d\\u044e \\u0440\\u0435\\u0441\\u0442\\u043e\\u0440\\u0430\\u043d\\u0430\", \"object\": \"Star Burger \\u0410\\u0440\\u0431\\u0430\\u0442 - \\u0428\\u0440\\u0438\\u043c\\u043f \\u0420\\u043e\\u043b\\u043b\", \"fields\": [\"\\u0412 \\u043f\\u0440\\u043e\\u0434\\u0430\\u0436\\u0435\"]}}, {\"changed\": {\"name\": \"\\u043f\\u0443\\u043d\\u043a\\u0442 \\u043c\\u0435\\u043d\\u044e \\u0440\\u0435\\u0441\\u0442\\u043e\\u0440\\u0430\\u043d\\u0430\", \"object\": \"Star Burger \\u0426\\u0432\\u0435\\u0442\\u043d\\u043e\\u0439 - \\u0428\\u0440\\u0438\\u043c\\u043f \\u0420\\u043e\\u043b\\u043b\", \"fields\": [\"\\u0412 \\u043f\\u0440\\u043e\\u0434\\u0430\\u0436\\u0435\"]}}]"}}, {"model": "admin.logentry", "pk": 71, "fields": {"action_time": "2023-04-01T09:29:00.645Z", "user": 1, "content_type": 2, "object_id": "4", "object_repr": "Беконайзер", "action_flag": 2, "change_message": "[{\"changed\": {\"name\": \"\\u043f\\u0443\\u043d\\u043a\\u0442 \\u043c\\u0435\\u043d\\u044e \\u0440\\u0435\\u0441\\u0442\\u043e\\u0440\\u0430\\u043d\\u0430\", \"object\": \"Star Burger \\u0426\\u0432\\u0435\\u0442\\u043d\\u043e\\u0439 - \\u0411\\u0435\\u043a\\u043e\\u043d\\u0430\\u0439\\u0437\\u0435\\u0440\", \"fields\": [\"\\u0412 \\u043f\\u0440\\u043e\\u0434\\u0430\\u0436\\u0435\"]}}]"}}, {"model": "admin.logentry", "pk": 72, "fields": {"action_time": "2023-04-01T12:23:42.924Z", "user": 1, "content_type": 2, "object_id": "6", "object_repr": "Шримп Ролл", "action_flag": 2, "change_message": "[{\"changed\": {\"name\": \"\\u043f\\u0443\\u043d\\u043a\\u0442 \\u043c\\u0435\\u043d\\u044e \\u0440\\u0435\\u0441\\u0442\\u043e\\u0440\\u0430\\u043d\\u0430\", \"object\": \"Star Burger \\u0410\\u0440\\u0431\\u0430\\u0442 - \\u0428\\u0440\\u0438\\u043c\\u043f \\u0420\\u043e\\u043b\\u043b\", \"fields\": [\"\\u0412 \\u043f\\u0440\\u043e\\u0434\\u0430\\u0436\\u0435\"]}}]"}}, {"model": "admin.logentry", "pk": 73, "fields": {"action_time": "2023-04-14T02:03:46.083Z", "user": 1, "content_type": 1, "object_id": "2", "object_repr": "Фридрех Энгельс , Москва", "action_flag": 2, "change_message": "[{\"added\": {\"name\": \"\\u044d\\u043b\\u0435\\u043c\\u0435\\u043d\\u0442 \\u0437\\u0430\\u043a\\u0430\\u0437\\u0430\", \"object\": \"\\u0424\\u0440\\u0438\\u0434\\u0440\\u0435\\u0445 \\u042d\\u043d\\u0433\\u0435\\u043b\\u044c\\u0441 , \\u041c\\u043e\\u0441\\u043a\\u0432\\u0430 \"}}]"}}, {"model": "admin.logentry", "pk": 74, "fields": {"action_time": "2023-04-15T14:49:54.649Z", "user": 1, "content_type": 1, "object_id": "2", "object_repr": "Фридрех Энгельс , Москва", "action_flag": 2, "change_message": "[{\"changed\": {\"fields\": [\"\\u0420\\u0435\\u0441\\u0442\\u043e\\u0440\\u0430\\u043d\", \"\\u041a\\u043e\\u043c\\u043c\\u0435\\u043d\\u0442\\u0430\\u0440\\u0438\\u0439\"]}}]"}}, {"model": "admin.logentry", "pk": 75, "fields": {"action_time": "2023-04-15T14:50:40.013Z", "user": 1, "content_type": 1, "object_id": "9", "object_repr": "Энгельс Энгельс , Энгельс", "action_flag": 2, "change_message": "[{\"changed\": {\"fields\": [\"\\u0420\\u0435\\u0441\\u0442\\u043e\\u0440\\u0430\\u043d\", \"\\u0421\\u0442\\u0430\\u0442\\u0443\\u0441\", \"\\u041a\\u043e\\u043c\\u043c\\u0435\\u043d\\u0442\\u0430\\u0440\\u0438\\u0439\"]}}]"}}, {"model": "admin.logentry", "pk": 76, "fields": {"action_time": "2023-04-16T13:08:28.951Z", "user": 1, "content_type": 1, "object_id": "2", "object_repr": "Фридрех Энгельс , Москва", "action_flag": 3, "change_message": ""}}, {"model": "admin.logentry", "pk": 77, "fields": {"action_time": "2023-04-16T13:13:09.046Z", "user": 1, "content_type": 1, "object_id": "11", "object_repr": "Сара Конер , Вологда", "action_flag": 2, "change_message": "[{\"changed\": {\"fields\": [\"\\u0420\\u0435\\u0441\\u0442\\u043e\\u0440\\u0430\\u043d\", \"\\u041a\\u043e\\u043c\\u043c\\u0435\\u043d\\u0442\\u0430\\u0440\\u0438\\u0439\"]}}]"}}, {"model": "admin.logentry", "pk": 78, "fields": {"action_time": "2023-04-16T13:14:24.151Z", "user": 1, "content_type": 1, "object_id": "17", "object_repr": "Стар Бургер , Тверь", "action_flag": 2, "change_message": "[{\"changed\": {\"fields\": [\"\\u0420\\u0435\\u0441\\u0442\\u043e\\u0440\\u0430\\u043d\"]}}]"}}, {"model": "admin.logentry", "pk": 79, "fields": {"action_time": "2023-04-17T16:49:28.210Z", "user": 1, "content_type": 1, "object_id": "16", "object_repr": "Хер С горы , Мордр", "action_flag": 2, "change_message": "[{\"changed\": {\"fields\": [\"\\u0420\\u0435\\u0441\\u0442\\u043e\\u0440\\u0430\\u043d\", \"\\u0421\\u0442\\u0430\\u0442\\u0443\\u0441\"]}}]"}}, {"model": "admin.logentry", "pk": 80, "fields": {"action_time": "2023-04-17T16:49:57.243Z", "user": 1, "content_type": 1, "object_id": "15", "object_repr": "Заказ разные_рестры , Тула", "action_flag": 2, "change_message": "[{\"changed\": {\"fields\": [\"\\u0410\\u0434\\u0440\\u0435\\u0441\", \"\\u041a\\u043e\\u043c\\u043c\\u0435\\u043d\\u0442\\u0430\\u0440\\u0438\\u0439\"]}}]"}}, {"model": "admin.logentry", "pk": 81, "fields": {"action_time": "2023-04-17T16:50:27.017Z", "user": 1, "content_type": 1, "object_id": "13", "object_repr": "Фишер Сем , Бразилиа", "action_flag": 2, "change_message": "[{\"changed\": {\"fields\": [\"\\u0410\\u0434\\u0440\\u0435\\u0441\", \"\\u041a\\u043e\\u043c\\u043c\\u0435\\u043d\\u0442\\u0430\\u0440\\u0438\\u0439\"]}}]"}}, {"model": "admin.logentry", "pk": 82, "fields": {"action_time": "2023-04-17T16:52:54.289Z", "user": 1, "content_type": 13, "object_id": "6", "object_repr": "Хуй (50.527081, 5.233127)", "action_flag": 3, "change_message": ""}}, {"model": "admin.logentry", "pk": 83, "fields": {"action_time": "2023-04-26T19:44:27.675Z", "user": 1, "content_type": 1, "object_id": "19", "object_repr": "Акакий Петро , Хуй", "action_flag": 1, "change_message": "[{\"added\": {}}, {\"added\": {\"name\": \"\\u044d\\u043b\\u0435\\u043c\\u0435\\u043d\\u0442 \\u0437\\u0430\\u043a\\u0430\\u0437\\u0430\", \"object\": \"\\u0410\\u043a\\u0430\\u043a\\u0438\\u0439 \\u041f\\u0435\\u0442\\u0440\\u043e , \\u0425\\u0443\\u0439 \"}}, {\"added\": {\"name\": \"\\u044d\\u043b\\u0435\\u043c\\u0435\\u043d\\u0442 \\u0437\\u0430\\u043a\\u0430\\u0437\\u0430\", \"object\": \"\\u0410\\u043a\\u0430\\u043a\\u0438\\u0439 \\u041f\\u0435\\u0442\\u0440\\u043e , \\u0425\\u0443\\u0439 \"}}]"}}, {"model": "admin.logentry", "pk": 84, "fields": {"action_time": "2023-04-27T23:25:31.895Z", "user": 1, "content_type": 1, "object_id": "20", "object_repr": "Алик Суп , Тараатар", "action_flag": 3, "change_message": ""}}, {"model": "admin.logentry", "pk": 85, "fields": {"action_time": "2023-04-27T23:25:31.922Z", "user": 1, "content_type": 1, "object_id": "19", "object_repr": "Акакий Петро , Хуй", "action_flag": 3, "change_message": ""}}, {"model": "admin.logentry", "pk": 86, "fields": {"action_time": "2023-04-27T23:25:42.676Z", "user": 1, "content_type": 1, "object_id": "8", "object_repr": "Rost Post , MOst", "action_flag": 3, "change_message": ""}}, {"model": "admin.logentry", "pk": 87, "fields": {"action_time": "2023-04-28T00:23:36.640Z", "user": 1, "content_type": 1, "object_id": "10", "object_repr": "Макс Пейн , Москва", "action_flag": 2, "change_message": "[{\"changed\": {\"fields\": [\"\\u041a\\u043e\\u043c\\u043c\\u0435\\u043d\\u0442\\u0430\\u0440\\u0438\\u0439\"]}}]"}}, {"model": "admin.logentry", "pk": 88, "fields": {"action_time": "2023-04-28T20:18:14.364Z", "user": 1, "content_type": 1, "object_id": "16", "object_repr": "Хер С горы , Мордр", "action_flag": 3, "change_message": ""}}, {"model": "admin.logentry", "pk": 89, "fields": {"action_time": "2023-05-11T01:08:24.294Z", "user": 1, "content_type": 1, "object_id": "34", "object_repr": "Василий Васильевич , Лондон", "action_flag": 3, "change_message": ""}}, {"model": "admin.logentry", "pk": 90, "fields": {"action_time": "2023-05-11T01:08:24.324Z", "user": 1, "content_type": 1, "object_id": "33", "object_repr": "Василий Васильевич , Лондон", "action_flag": 3, "change_message": ""}}, {"model": "admin.logentry", "pk": 91, "fields": {"action_time": "2023-05-11T01:08:24.334Z", "user": 1, "content_type": 1, "object_id": "32", "object_repr": "Василий Васильевич , Лондон", "action_flag": 3, "change_message": ""}}, {"model": "admin.logentry", "pk": 92, "fields": {"action_time": "2023-05-11T01:08:24.344Z", "user": 1, "content_type": 1, "object_id": "31", "object_repr": "Василий Васильевич , Лондон", "action_flag": 3, "change_message": ""}}, {"model": "admin.logentry", "pk": 93, "fields": {"action_time": "2023-05-11T01:08:24.361Z", "user": 1, "content_type": 1, "object_id": "30", "object_repr": "Василий Васильевич , Лондон", "action_flag": 3, "change_message": ""}}, {"model": "admin.logentry", "pk": 94, "fields": {"action_time": "2023-05-11T01:08:24.377Z", "user": 1, "content_type": 1, "object_id": "29", "object_repr": "Василий Васильевич , Лондон", "action_flag": 3, "change_message": ""}}, {"model": "admin.logentry", "pk": 95, "fields": {"action_time": "2023-05-11T01:08:24.391Z", "user": 1, "content_type": 1, "object_id": "28", "object_repr": "Василий Васильевич , Лондон", "action_flag": 3, "change_message": ""}}, {"model": "admin.logentry", "pk": 96, "fields": {"action_time": "2023-05-11T01:08:24.406Z", "user": 1, "content_type": 1, "object_id": "27", "object_repr": "Василий Васильевич , Лондон", "action_flag": 3, "change_message": ""}}, {"model": "admin.logentry", "pk": 97, "fields": {"action_time": "2023-05-11T01:08:24.419Z", "user": 1, "content_type": 1, "object_id": "26", "object_repr": "Василий Васильевич , Лондон", "action_flag": 3, "change_message": ""}}, {"model": "admin.logentry", "pk": 98, "fields": {"action_time": "2023-05-11T01:08:24.433Z", "user": 1, "content_type": 1, "object_id": "25", "object_repr": "Василий Васильевич , Лондон", "action_flag": 3, "change_message": ""}}, {"model": "admin.logentry", "pk": 99, "fields": {"action_time": "2023-05-11T01:08:24.447Z", "user": 1, "content_type": 1, "object_id": "24", "object_repr": "Василий Васильевич , Лондон", "action_flag": 3, "change_message": ""}}, {"model": "admin.logentry", "pk": 100, "fields": {"action_time": "2023-05-11T01:08:24.460Z", "user": 1, "content_type": 1, "object_id": "23", "object_repr": "Василий Васильевич , Лондон", "action_flag": 3, "change_message": ""}}, {"model": "admin.logentry", "pk": 101, "fields": {"action_time": "2023-05-11T01:08:24.471Z", "user": 1, "content_type": 1, "object_id": "22", "object_repr": "Василий Васильевич , Лондон", "action_flag": 3, "change_message": ""}}, {"model": "admin.logentry", "pk": 102, "fields": {"action_time": "2023-05-12T10:06:55.101Z", "user": 1, "content_type": 1, "object_id": "88", "object_repr": "Василий Васильевич , Лондон", "action_flag": 3, "change_message": ""}}, {"model": "admin.logentry", "pk": 103, "fields": {"action_time": "2023-05-12T10:06:55.134Z", "user": 1, "content_type": 1, "object_id": "87", "object_repr": "Василий Васильевич , Лондон", "action_flag": 3, "change_message": ""}}, {"model": "admin.logentry", "pk": 104, "fields": {"action_time": "2023-05-12T10:06:55.150Z", "user": 1, "content_type": 1, "object_id": "86", "object_repr": "Василий Васильевич , Лондон", "action_flag": 3, "change_message": ""}}, {"model": "admin.logentry", "pk": 105, "fields": {"action_time": "2023-05-12T10:06:55.167Z", "user": 1, "content_type": 1, "object_id": "85", "object_repr": "Василий Васильевич , Лондон", "action_flag": 3, "change_message": ""}}, {"model": "admin.logentry", "pk": 106, "fields": {"action_time": "2023-05-12T10:06:55.181Z", "user": 1, "content_type": 1, "object_id": "84", "object_repr": "Василий Васильевич , Лондон", "action_flag": 3, "change_message": ""}}, {"model": "admin.logentry", "pk": 107, "fields": {"action_time": "2023-05-12T10:06:55.193Z", "user": 1, "content_type": 1, "object_id": "83", "object_repr": "Василий Васильевич , Лондон", "action_flag": 3, "change_message": ""}}, {"model": "admin.logentry", "pk": 108, "fields": {"action_time": "2023-05-12T10:06:55.204Z", "user": 1, "content_type": 1, "object_id": "82", "object_repr": "Василий Васильевич , Лондон", "action_flag": 3, "change_message": ""}}, {"model": "admin.logentry", "pk": 109, "fields": {"action_time": "2023-05-12T10:06:55.215Z", "user": 1, "content_type": 1, "object_id": "81", "object_repr": "Василий Васильевич , Лондон", "action_flag": 3, "change_message": ""}}, {"model": "admin.logentry", "pk": 110, "fields": {"action_time": "2023-05-12T10:06:55.227Z", "user": 1, "content_type": 1, "object_id": "80", "object_repr": "Василий Васильевич , Лондон", "action_flag": 3, "change_message": ""}}, {"model": "admin.logentry", "pk": 111, "fields": {"action_time": "2023-05-12T10:06:55.237Z", "user": 1, "content_type": 1, "object_id": "79", "object_repr": "Василий Васильевич , Лондон", "action_flag": 3, "change_message": ""}}, {"model": "admin.logentry", "pk": 112, "fields": {"action_time": "2023-05-12T10:06:55.248Z", "user": 1, "content_type": 1, "object_id": "78", "object_repr": "Василий Васильевич , Лондон", "action_flag": 3, "change_message": ""}}, {"model": "admin.logentry", "pk": 113, "fields": {"action_time": "2023-05-12T10:06:55.262Z", "user": 1, "content_type": 1, "object_id": "77", "object_repr": "Василий Васильевич , Лондон", "action_flag": 3, "change_message": ""}}, {"model": "admin.logentry", "pk": 114, "fields": {"action_time": "2023-05-12T10:06:55.276Z", "user": 1, "content_type": 1, "object_id": "76", "object_repr": "Василий Васильевич , Лондон", "action_flag": 3, "change_message": ""}}, {"model": "admin.logentry", "pk": 115, "fields": {"action_time": "2023-05-12T10:06:55.294Z", "user": 1, "content_type": 1, "object_id": "75", "object_repr": "Василий Васильевич , Лондон", "action_flag": 3, "change_message": ""}}, {"model": "admin.logentry", "pk": 116, "fields": {"action_time": "2023-05-12T10:06:55.310Z", "user": 1, "content_type": 1, "object_id": "74", "object_repr": "Василий Васильевич , Лондон", "action_flag": 3, "change_message": ""}}, {"model": "admin.logentry", "pk": 117, "fields": {"action_time": "2023-05-12T10:06:55.328Z", "user": 1, "content_type": 1, "object_id": "73", "object_repr": "Василий Васильевич , Лондон", "action_flag": 3, "change_message": ""}}, {"model": "admin.logentry", "pk": 118, "fields": {"action_time": "2023-05-12T10:06:55.346Z", "user": 1, "content_type": 1, "object_id": "72", "object_repr": "Василий Васильевич , Лондон", "action_flag": 3, "change_message": ""}}, {"model": "admin.logentry", "pk": 119, "fields": {"action_time": "2023-05-12T10:06:55.362Z", "user": 1, "content_type": 1, "object_id": "71", "object_repr": "Василий Васильевич , Лондон", "action_flag": 3, "change_message": ""}}, {"model": "admin.logentry", "pk": 120, "fields": {"action_time": "2023-05-12T10:06:55.377Z", "user": 1, "content_type": 1, "object_id": "70", "object_repr": "Василий Васильевич , Лондон", "action_flag": 3, "change_message": ""}}, {"model": "admin.logentry", "pk": 121, "fields": {"action_time": "2023-05-12T10:06:55.393Z", "user": 1, "content_type": 1, "object_id": "69", "object_repr": "Василий Васильевич , Лондон", "action_flag": 3, "change_message": ""}}, {"model": "admin.logentry", "pk": 122, "fields": {"action_time": "2023-05-12T10:06:55.404Z", "user": 1, "content_type": 1, "object_id": "68", "object_repr": "Василий Васильевич , Лондон", "action_flag": 3, "change_message": ""}}, {"model": "admin.logentry", "pk": 123, "fields": {"action_time": "2023-05-12T10:06:55.416Z", "user": 1, "content_type": 1, "object_id": "67", "object_repr": "Rbhbk e3e23e23 , FEE", "action_flag": 3, "change_message": ""}}, {"model": "admin.logentry", "pk": 124, "fields": {"action_time": "2023-05-12T10:06:55.426Z", "user": 1, "content_type": 1, "object_id": "66", "object_repr": "Василий Васильевич , Лондон", "action_flag": 3, "change_message": ""}}, {"model": "admin.logentry", "pk": 125, "fields": {"action_time": "2023-05-12T10:06:55.435Z", "user": 1, "content_type": 1, "object_id": "65", "object_repr": "Василий Васильевич , Лондон", "action_flag": 3, "change_message": ""}}, {"model": "admin.logentry", "pk": 126, "fields": {"action_time": "2023-05-12T10:06:55.445Z", "user": 1, "content_type": 1, "object_id": "64", "object_repr": "TEst test , Test", "action_flag": 3, "change_message": ""}}, {"model": "admin.logentry", "pk": 127, "fields": {"action_time": "2023-05-12T10:06:55.455Z", "user": 1, "content_type": 1, "object_id": "63", "object_repr": "Test Test , Test", "action_flag": 3, "change_message": ""}}, {"model": "admin.logentry", "pk": 128, "fields": {"action_time": "2023-05-12T10:06:55.467Z", "user": 1, "content_type": 1, "object_id": "62", "object_repr": "Василий Васильевич , Лондон", "action_flag": 3, "change_message": ""}}, {"model": "admin.logentry", "pk": 129, "fields": {"action_time": "2023-05-12T10:06:55.480Z", "user": 1, "content_type": 1, "object_id": "61", "object_repr": "Василий Васильевич , Лондон", "action_flag": 3, "change_message": ""}}, {"model": "admin.logentry", "pk": 130, "fields": {"action_time": "2023-05-12T10:06:55.496Z", "user": 1, "content_type": 1, "object_id": "60", "object_repr": "Василий Васильевич , Лондон", "action_flag": 3, "change_message": ""}}, {"model": "admin.logentry", "pk": 131, "fields": {"action_time": "2023-05-12T10:06:55.512Z", "user": 1, "content_type": 1, "object_id": "59", "object_repr": "Василий Васильевич , Лондон", "action_flag": 3, "change_message": ""}}, {"model": "admin.logentry", "pk": 132, "fields": {"action_time": "2023-05-12T10:06:55.526Z", "user": 1, "content_type": 1, "object_id": "58", "object_repr": "Василий Васильевич , Лондон", "action_flag": 3, "change_message": ""}}, {"model": "admin.logentry", "pk": 133, "fields": {"action_time": "2023-05-12T10:06:55.541Z", "user": 1, "content_type": 1, "object_id": "57", "object_repr": "Василий Васильевич , Лондон", "action_flag": 3, "change_message": ""}}, {"model": "admin.logentry", "pk": 134, "fields": {"action_time": "2023-05-12T10:06:55.554Z", "user": 1, "content_type": 1, "object_id": "56", "object_repr": "Василий Васильевич , Лондон", "action_flag": 3, "change_message": ""}}, {"model": "admin.logentry", "pk": 135, "fields": {"action_time": "2023-05-12T10:06:55.569Z", "user": 1, "content_type": 1, "object_id": "55", "object_repr": "Василий Васильевич , Лондон", "action_flag": 3, "change_message": ""}}, {"model": "admin.logentry", "pk": 136, "fields": {"action_time": "2023-05-12T10:06:55.582Z", "user": 1, "content_type": 1, "object_id": "54", "object_repr": "Василий Васильевич , Лондон", "action_flag": 3, "change_message": ""}}, {"model": "admin.logentry", "pk": 137, "fields": {"action_time": "2023-05-12T10:06:55.593Z", "user": 1, "content_type": 1, "object_id": "53", "object_repr": "Василий Васильевич , Лондон", "action_flag": 3, "change_message": ""}}, {"model": "admin.logentry", "pk": 138, "fields": {"action_time": "2023-05-12T10:06:55.604Z", "user": 1, "content_type": 1, "object_id": "52", "object_repr": "Василий Васильевич , Лондон", "action_flag": 3, "change_message": ""}}, {"model": "admin.logentry", "pk": 139, "fields": {"action_time": "2023-05-12T10:06:55.613Z", "user": 1, "content_type": 1, "object_id": "51", "object_repr": "Василий Васильевич , Лондон", "action_flag": 3, "change_message": ""}}, {"model": "admin.logentry", "pk": 140, "fields": {"action_time": "2023-05-12T10:06:55.623Z", "user": 1, "content_type": 1, "object_id": "50", "object_repr": "Василий Васильевич , Лондон", "action_flag": 3, "change_message": ""}}, {"model": "admin.logentry", "pk": 141, "fields": {"action_time": "2023-05-12T10:06:55.632Z", "user": 1, "content_type": 1, "object_id": "49", "object_repr": "Василий Васильевич , Лондон", "action_flag": 3, "change_message": ""}}, {"model": "admin.logentry", "pk": 142, "fields": {"action_time": "2023-05-12T10:06:55.643Z", "user": 1, "content_type": 1, "object_id": "48", "object_repr": "Василий Васильевич , Лондон", "action_flag": 3, "change_message": ""}}, {"model": "admin.logentry", "pk": 143, "fields": {"action_time": "2023-05-12T10:06:55.653Z", "user": 1, "content_type": 1, "object_id": "47", "object_repr": "Василий Васильевич , Лондон", "action_flag": 3, "change_message": ""}}, {"model": "admin.logentry", "pk": 144, "fields": {"action_time": "2023-05-12T10:06:55.667Z", "user": 1, "content_type": 1, "object_id": "46", "object_repr": "Василий Васильевич , Лондон", "action_flag": 3, "change_message": ""}}, {"model": "admin.logentry", "pk": 145, "fields": {"action_time": "2023-05-12T10:06:55.681Z", "user": 1, "content_type": 1, "object_id": "45", "object_repr": "Василий Васильевич , Лондон", "action_flag": 3, "change_message": ""}}, {"model": "admin.logentry", "pk": 146, "fields": {"action_time": "2023-05-12T10:06:55.696Z", "user": 1, "content_type": 1, "object_id": "44", "object_repr": "Василий Васильевич , Лондон", "action_flag": 3, "change_message": ""}}, {"model": "admin.logentry", "pk": 147, "fields": {"action_time": "2023-05-12T10:06:55.711Z", "user": 1, "content_type": 1, "object_id": "43", "object_repr": "Василий Васильевич , Лондон", "action_flag": 3, "change_message": ""}}, {"model": "admin.logentry", "pk": 148, "fields": {"action_time": "2023-05-12T10:06:55.727Z", "user": 1, "content_type": 1, "object_id": "42", "object_repr": "Василий Васильевич , Лондон", "action_flag": 3, "change_message": ""}}, {"model": "admin.logentry", "pk": 149, "fields": {"action_time": "2023-05-12T10:06:55.741Z", "user": 1, "content_type": 1, "object_id": "41", "object_repr": "Василий Васильевич , Лондон", "action_flag": 3, "change_message": ""}}, {"model": "admin.logentry", "pk": 150, "fields": {"action_time": "2023-05-12T10:06:55.754Z", "user": 1, "content_type": 1, "object_id": "40", "object_repr": "Василий Васильевич , Лондон", "action_flag": 3, "change_message": ""}}, {"model": "admin.logentry", "pk": 151, "fields": {"action_time": "2023-05-12T10:06:55.768Z", "user": 1, "content_type": 1, "object_id": "39", "object_repr": "Василий Васильевич , Лондон", "action_flag": 3, "change_message": ""}}, {"model": "admin.logentry", "pk": 152, "fields": {"action_time": "2023-05-12T10:06:55.778Z", "user": 1, "content_type": 1, "object_id": "38", "object_repr": "Василий Васильевич , Лондон", "action_flag": 3, "change_message": ""}}, {"model": "admin.logentry", "pk": 153, "fields": {"action_time": "2023-05-12T10:06:55.788Z", "user": 1, "content_type": 1, "object_id": "37", "object_repr": "Василий Васильевич , Лондон", "action_flag": 3, "change_message": ""}}, {"model": "admin.logentry", "pk": 154, "fields": {"action_time": "2023-05-12T10:06:55.799Z", "user": 1, "content_type": 1, "object_id": "36", "object_repr": "Василий Васильевич , Лондон", "action_flag": 3, "change_message": ""}}, {"model": "admin.logentry", "pk": 155, "fields": {"action_time": "2023-05-12T10:06:55.809Z", "user": 1, "content_type": 1, "object_id": "35", "object_repr": "Василий Васильевич , Лондон", "action_flag": 3, "change_message": ""}}, {"model": "admin.logentry", "pk": 156, "fields": {"action_time": "2023-05-12T10:06:55.819Z", "user": 1, "content_type": 1, "object_id": "21", "object_repr": "Fyfy dsf , Eref", "action_flag": 3, "change_message": ""}}, {"model": "admin.logentry", "pk": 157, "fields": {"action_time": "2023-05-12T10:06:55.829Z", "user": 1, "content_type": 1, "object_id": "18", "object_repr": "Василий Васильевич , Лондон", "action_flag": 3, "change_message": ""}}, {"model": "admin.logentry", "pk": 158, "fields": {"action_time": "2023-05-12T10:06:55.839Z", "user": 1, "content_type": 1, "object_id": "17", "object_repr": "Стар Бургер , Тверь", "action_flag": 3, "change_message": ""}}, {"model": "admin.logentry", "pk": 159, "fields": {"action_time": "2023-05-12T10:06:55.852Z", "user": 1, "content_type": 1, "object_id": "15", "object_repr": "Заказ разные_рестры , Тула", "action_flag": 3, "change_message": ""}}, {"model": "admin.logentry", "pk": 160, "fields": {"action_time": "2023-05-12T10:06:55.866Z", "user": 1, "content_type": 1, "object_id": "14", "object_repr": "разные Рестры , Тула", "action_flag": 3, "change_message": ""}}, {"model": "admin.logentry", "pk": 161, "fields": {"action_time": "2023-05-12T10:06:55.880Z", "user": 1, "content_type": 1, "object_id": "13", "object_repr": "Фишер Сем , Бразилиа", "action_flag": 3, "change_message": ""}}, {"model": "auth.permission", "pk": 1, "fields": {"name": "Can add Заказ", "content_type": 1, "codename": "add_order"}}, {"model": "auth.permission", "pk": 2, "fields": {"name": "Can change Заказ", "content_type": 1, "codename": "change_order"}}, {"model": "auth.permission", "pk": 3, "fields": {"name": "Can delete Заказ", "content_type": 1, "codename": "delete_order"}}, {"model": "auth.permission", "pk": 4, "fields": {"name": "Can view Заказ", "content_type": 1, "codename": "view_order"}}, {"model": "auth.permission", "pk": 5, "fields": {"name": "Can add товар", "content_type": 2, "codename": "add_product"}}, {"model": "auth.permission", "pk": 6, "fields": {"name": "Can change товар", "content_type": 2, "codename": "change_product"}}, {"model": "auth.permission", "pk": 7, "fields": {"name": "Can delete товар", "content_type": 2, "codename": "delete_product"}}, {"model": "auth.permission", "pk": 8, "fields": {"name": "Can view товар", "content_type": 2, "codename": "view_product"}}, {"model": "auth.permission", "pk": 9, "fields": {"name": "Can add категория", "content_type": 3, "codename": "add_productcategory"}}, {"model": "auth.permission", "pk": 10, "fields": {"name": "Can change категория", "content_type": 3, "codename": "change_productcategory"}}, {"model": "auth.permission", "pk": 11, "fields": {"name": "Can delete категория", "content_type": 3, "codename": "delete_productcategory"}}, {"model": "auth.permission", "pk": 12, "fields": {"name": "Can view категория", "content_type": 3, "codename": "view_productcategory"}}, {"model": "auth.permission", "pk": 13, "fields": {"name": "Can add ресторан", "content_type": 4, "codename": "add_restaurant"}}, {"model": "auth.permission", "pk": 14, "fields": {"name": "Can change ресторан", "content_type": 4, "codename": "change_restaurant"}}, {"model": "auth.permission", "pk": 15, "fields": {"name": "Can delete ресторан", "content_type": 4, "codename": "delete_restaurant"}}, {"model": "auth.permission", "pk": 16, "fields": {"name": "Can view ресторан", "content_type": 4, "codename": "view_restaurant"}}, {"model": "auth.permission", "pk": 17, "fields": {"name": "Can add пункт меню ресторана", "content_type": 5, "codename": "add_restaurantmenuitem"}}, {"model": "auth.permission", "pk": 18, "fields": {"name": "Can change пункт меню ресторана", "content_type": 5, "codename": "change_restaurantmenuitem"}}, {"model": "auth.permission", "pk": 19, "fields": {"name": "Can delete пункт меню ресторана", "content_type": 5, "codename": "delete_restaurantmenuitem"}}, {"model": "auth.permission", "pk": 20, "fields": {"name": "Can view пункт меню ресторана", "content_type": 5, "codename": "view_restaurantmenuitem"}}, {"model": "auth.permission", "pk": 21, "fields": {"name": "Can add элемент заказа", "content_type": 6, "codename": "add_orderdetails"}}, {"model": "auth.permission", "pk": 22, "fields": {"name": "Can change элемент заказа", "content_type": 6, "codename": "change_orderdetails"}}, {"model": "auth.permission", "pk": 23, "fields": {"name": "Can delete элемент заказа", "content_type": 6, "codename": "delete_orderdetails"}}, {"model": "auth.permission", "pk": 24, "fields": {"name": "Can view элемент заказа", "content_type": 6, "codename": "view_orderdetails"}}, {"model": "auth.permission", "pk": 25, "fields": {"name": "Can add log entry", "content_type": 7, "codename": "add_logentry"}}, {"model": "auth.permission", "pk": 26, "fields": {"name": "Can change log entry", "content_type": 7, "codename": "change_logentry"}}, {"model": "auth.permission", "pk": 27, "fields": {"name": "Can delete log entry", "content_type": 7, "codename": "delete_logentry"}}, {"model": "auth.permission", "pk": 28, "fields": {"name": "Can view log entry", "content_type": 7, "codename": "view_logentry"}}, {"model": "auth.permission", "pk": 29, "fields": {"name": "Can add permission", "content_type": 8, "codename": "add_permission"}}, {"model": "auth.permission", "pk": 30, "fields": {"name": "Can change permission", "content_type": 8, "codename": "change_permission"}}, {"model": "auth.permission", "pk": 31, "fields": {"name": "Can delete permission", "content_type": 8, "codename": "delete_permission"}}, {"model": "auth.permission", "pk": 32, "fields": {"name": "Can view permission", "content_type": 8, "codename": "view_permission"}}, {"model": "auth.permission", "pk": 33, "fields": {"name": "Can add group", "content_type": 9, "codename": "add_group"}}, {"model": "auth.permission", "pk": 34, "fields": {"name": "Can change group", "content_type": 9, "codename": "change_group"}}, {"model": "auth.permission", "pk": 35, "fields": {"name": "Can delete group", "content_type": 9, "codename": "delete_group"}}, {"model": "auth.permission", "pk": 36, "fields": {"name": "Can view group", "content_type": 9, "codename": "view_group"}}, {"model": "auth.permission", "pk": 37, "fields": {"name": "Can add user", "content_type": 10, "codename": "add_user"}}, {"model": "auth.permission", "pk": 38, "fields": {"name": "Can change user", "content_type": 10, "codename": "change_user"}}, {"model": "auth.permission", "pk": 39, "fields": {"name": "Can delete user", "content_type": 10, "codename": "delete_user"}}, {"model": "auth.permission", "pk": 40, "fields": {"name": "Can view user", "content_type": 10, "codename": "view_user"}}, {"model": "auth.permission", "pk": 41, "fields": {"name": "Can add content type", "content_type": 11, "codename": "add_contenttype"}}, {"model": "auth.permission", "pk": 42, "fields": {"name": "Can change content type", "content_type": 11, "codename": "change_contenttype"}}, {"model": "auth.permission", "pk": 43, "fields": {"name": "Can delete content type", "content_type": 11, "codename": "delete_contenttype"}}, {"model": "auth.permission", "pk": 44, "fields": {"name": "Can view content type", "content_type": 11, "codename": "view_contenttype"}}, {"model": "auth.permission", "pk": 45, "fields": {"name": "Can add session", "content_type": 12, "codename": "add_session"}}, {"model": "auth.permission", "pk": 46, "fields": {"name": "Can change session", "content_type": 12, "codename": "change_session"}}, {"model": "auth.permission", "pk": 47, "fields": {"name": "Can delete session", "content_type": 12, "codename": "delete_session"}}, {"model": "auth.permission", "pk": 48, "fields": {"name": "Can view session", "content_type": 12, "codename": "view_session"}}, {"model": "auth.permission", "pk": 49, "fields": {"name": "Can add location", "content_type": 13, "codename": "add_location"}}, {"model": "auth.permission", "pk": 50, "fields": {"name": "Can change location", "content_type": 13, "codename": "change_location"}}, {"model": "auth.permission", "pk": 51, "fields": {"name": "Can delete location", "content_type": 13, "codename": "delete_location"}}, {"model": "auth.permission", "pk": 52, "fields": {"name": "Can view location", "content_type": 13, "codename": "view_location"}}, {"model": "auth.user", "pk": 1, "fields": {"password": "pbkdf2_sha256$260000$bvPCi2Ac8KBpMZVfHz1vdP$1XINO6haivxbFFOM+ZTRDQhjCcBj4rn4Mu6WXvqT7oY=", "last_login": "2023-05-08T08:02:06.820Z", "is_superuser": true, "username": "alex_k", "first_name": "", "last_name": "", "email": "", "is_staff": true, "is_active": true, "date_joined": "2023-03-25T02:45:58.749Z", "groups": [], "user_permissions": []}}, {"model": "auth.user", "pk": 2, "fields": {"password": "pbkdf2_sha256$600000$CJDhpW6NwuN7gJUBus5GAj$DPh1DH7dZmNyx1bFNJugotiRS2bwmCNDZeNIPDgEnHg=", "last_login": "2023-06-01T14:20:46.550Z", "is_superuser": true, "username": "root", "first_name": "", "last_name": "", "email": "", "is_staff": true, "is_active": true, "date_joined": "2023-06-01T14:20:37.404Z", "groups": [], "user_permissions": []}}, {"model": "contenttypes.contenttype", "pk": 1, "fields": {"app_label": "foodcartapp", "model": "order"}}, {"model": "contenttypes.contenttype", "pk": 2, "fields": {"app_label": "foodcartapp", "model": "product"}}, {"model": "contenttypes.contenttype", "pk": 3, "fields": {"app_label": "foodcartapp", "model": "productcategory"}}, {"model": "contenttypes.contenttype", "pk": 4, "fields": {"app_label": "foodcartapp", "model": "restaurant"}}, {"model": "contenttypes.contenttype", "pk": 5, "fields": {"app_label": "foodcartapp", "model": "restaurantmenuitem"}}, {"model": "contenttypes.contenttype", "pk": 6, "fields": {"app_label": "foodcartapp", "model": "orderdetails"}}, {"model": "contenttypes.contenttype", "pk": 7, "fields": {"app_label": "admin", "model": "logentry"}}, {"model": "contenttypes.contenttype", "pk": 8, "fields": {"app_label": "auth", "model": "permission"}}, {"model": "contenttypes.contenttype", "pk": 9, "fields": {"app_label": "auth", "model": "group"}}, {"model": "contenttypes.contenttype", "pk": 10, "fields": {"app_label": "auth", "model": "user"}}, {"model": "contenttypes.contenttype", "pk": 11, "fields": {"app_label": "contenttypes", "model": "contenttype"}}, {"model": "contenttypes.contenttype", "pk": 12, "fields": {"app_label": "sessions", "model": "session"}}, {"model": "contenttypes.contenttype", "pk": 13, "fields": {"app_label": "location", "model": "location"}}, {"model": "sessions.session", "pk": "8mjxtpsyn7oyfk12btut329iojx0g4t0", "fields": {"session_data": ".eJxVjEEOwiAQRe_C2hCoAwWX7nsGMjNMpWpoUtqV8e7apAvd_vfef6mE21rS1mRJU1YXZdXpdyPkh9Qd5DvW26x5rusykd4VfdCmhznL83q4fwcFW_nWpu8tevLBOGcEbI4CEDofJCJAN2ZkMvaMEYg8estGJAJwJI5uzKTeH8kON_8:1pmwoB:TKLzqyOozqt9Zur-NoASDXZ38whug9B_oKq1-5NKD-c", "expire_date": "2023-04-27T13:16:15.645Z"}}, {"model": "sessions.session", "pk": "bfp2j8bnye6jhc991y4z212tix5idnkx", "fields": {"session_data": ".eJxVjEkOAiEUBe_C2hD49AAu3XsGwh-QVgNJDyvj3bWTXuj2VdV7qZi2tcRtkTlOrM4K1Ol3w0QPqTvge6q3pqnVdZ5Q74o-6KKvjeV5Ody_g5KW8q1xcEAhYG9tGJKDXjrvDXXGjFbQZIRsiANxHhgDZwiJnB8tWxDoO1HvD9geN_w:1q4jAU:F6ybUC7H0l89Ic26HjqHS4ktfGbEAbC5rVJKA8Trrjo", "expire_date": "2023-06-15T14:20:46.555Z"}}, {"model": "sessions.session", "pk": "dfn761qdgm9swnk5teyov3kbmvp2ulsg", "fields": {"session_data": ".eJxVjEEOwiAQRe_C2hCoAwWX7nsGMjNMpWpoUtqV8e7apAvd_vfef6mE21rS1mRJU1YXZdXpdyPkh9Qd5DvW26x5rusykd4VfdCmhznL83q4fwcFW_nWpu8tevLBOGcEbI4CEDofJCJAN2ZkMvaMEYg8estGJAJwJI5uzKTeH8kON_8:1ps2L0:IxYBoh2GHK48YELRM10LjUN1-A5PNuB9IMZy--6dSSo", "expire_date": "2023-05-11T14:11:10.848Z"}}, {"model": "sessions.session", "pk": "shvhqqsf64mtpjghaiondxts075odo3h", "fields": {"session_data": ".eJxVjEEOwiAQRe_C2hCoAwWX7nsGMjNMpWpoUtqV8e7apAvd_vfef6mE21rS1mRJU1YXZdXpdyPkh9Qd5DvW26x5rusykd4VfdCmhznL83q4fwcFW_nWpu8tevLBOGcEbI4CEDofJCJAN2ZkMvaMEYg8estGJAJwJI5uzKTeH8kON_8:1prl1T:fCSAr8jwcO1jz0L9RDUIUIem6qitLOZBjlAAIJVR8_o", "expire_date": "2023-05-10T19:41:51.944Z"}}, {"model": "sessions.session", "pk": "svcys7ulhvas351jpt2ebwb0ifk7d8m0", "fields": {"session_data": ".eJxVjEEOwiAQRe_C2hCoAwWX7nsGMjNMpWpoUtqV8e7apAvd_vfef6mE21rS1mRJU1YXZdXpdyPkh9Qd5DvW26x5rusykd4VfdCmhznL83q4fwcFW_nWpu8tevLBOGcEbI4CEDofJCJAN2ZkMvaMEYg8estGJAJwJI5uzKTeH8kON_8:1pftzf:DBAnXgAAKdaQ5ydifdfCUtwEoNAuzmT7j8_ytzOC2u8", "expire_date": "2023-04-08T02:50:59.288Z"}}, {"model": "sessions.session", "pk": "yxs27nama7rty2so5imkgb96d3an7b5f", "fields": {"session_data": ".eJxVjEEOwiAQRe_C2hCoAwWX7nsGMjNMpWpoUtqV8e7apAvd_vfef6mE21rS1mRJU1YXZdXpdyPkh9Qd5DvW26x5rusykd4VfdCmhznL83q4fwcFW_nWpu8tevLBOGcEbI4CEDofJCJAN2ZkMvaMEYg8estGJAJwJI5uzKTeH8kON_8:1pvvos:pmbOb1Uhu-4ZoNWENVYfeoYO0NNmAVlKqBrVLigOirA", "expire_date": "2023-05-22T08:02:06.923Z"}}]